filename,width,height,class,xmin,ymin,xmax,ymax
depan-balaikota_20260505_141821_jpg.rf.8769eb02677c6c93c2462fe1d428fba1.jpg,640,640,mobil,42,378,141,531
depan-balaikota_20260505_141821_jpg.rf.8769eb02677c6c93c2462fe1d428fba1.jpg,640,640,mobil,197,276,233,326
depan-balaikota_20260505_141821_jpg.rf.8769eb02677c6c93c2462fe1d428fba1.jpg,640,640,mobil,238,216,261,255
depan-balaikota_20260505_141821_jpg.rf.8769eb02677c6c93c2462fe1d428fba1.jpg,640,640,mobil,266,221,289,261
depan-balaikota_20260505_141821_jpg.rf.8769eb02677c6c93c2462fe1d428fba1.jpg,640,640,mobil,254,277,304,358
depan-balaikota_20260505_141821_jpg.rf.8769eb02677c6c93c2462fe1d428fba1.jpg,640,640,mobil,316,209,333,240
depan-balaikota_20260505_141821_jpg.rf.8769eb02677c6c93c2462fe1d428fba1.jpg,640,640,mobil,310,198,319,224
depan-balaikota_20260505_141821_jpg.rf.8769eb02677c6c93c2462fe1d428fba1.jpg,640,640,mobil,289,204,303,230
depan-balaikota_20260505_141821_jpg.rf.8769eb02677c6c93c2462fe1d428fba1.jpg,640,640,motor,182,330,202,410
depan-balaikota_20260505_141821_jpg.rf.8769eb02677c6c93c2462fe1d428fba1.jpg,640,640,motor,302,234,313,267
depan-balaikota_20260505_141821_jpg.rf.8769eb02677c6c93c2462fe1d428fba1.jpg,640,640,mobil,269,201,282,222
depan-balaikota_20260505_141821_jpg.rf.8769eb02677c6c93c2462fe1d428fba1.jpg,640,640,motor,284,194,288,214
depan-balaikota_20260505_141821_jpg.rf.8769eb02677c6c93c2462fe1d428fba1.jpg,640,640,motor,299,189,304,204
depan-balaikota_20260505_141821_jpg.rf.8769eb02677c6c93c2462fe1d428fba1.jpg,640,640,mobil,317,282,354,346
depan-balaikota_20260505_141821_jpg.rf.8769eb02677c6c93c2462fe1d428fba1.jpg,640,640,mobil,333,182,343,200
depan-balaikota_20260505_141821_jpg.rf.8769eb02677c6c93c2462fe1d428fba1.jpg,640,640,mobil,323,193,332,210
depan-balaikota_20260505_141821_jpg.rf.8769eb02677c6c93c2462fe1d428fba1.jpg,640,640,mobil,303,162,312,180
depan-balaikota_20260505_141821_jpg.rf.8769eb02677c6c93c2462fe1d428fba1.jpg,640,640,mobil,318,167,324,181
tugu-kujang_20260505_141102_jpg.rf.4b03655e135396b31d56583a8324ba1a.jpg,640,640,mobil,464,295,517,355
tugu-kujang_20260505_141102_jpg.rf.4b03655e135396b31d56583a8324ba1a.jpg,640,640,mobil,316,223,337,256
tugu-kujang_20260505_141102_jpg.rf.4b03655e135396b31d56583a8324ba1a.jpg,640,640,mobil,329,385,387,467
tugu-kujang_20260505_141102_jpg.rf.4b03655e135396b31d56583a8324ba1a.jpg,640,640,mobil,263,370,311,453
tugu-kujang_20260505_141102_jpg.rf.4b03655e135396b31d56583a8324ba1a.jpg,640,640,mobil,213,366,250,443
tugu-kujang_20260505_141102_jpg.rf.4b03655e135396b31d56583a8324ba1a.jpg,640,640,mobil,0,396,48,477
tugu-kujang_20260505_141102_jpg.rf.4b03655e135396b31d56583a8324ba1a.jpg,640,640,mobil,203,294,234,339
tugu-kujang_20260505_141102_jpg.rf.4b03655e135396b31d56583a8324ba1a.jpg,640,640,mobil,403,536,502,640
tugu-kujang_20260505_141102_jpg.rf.4b03655e135396b31d56583a8324ba1a.jpg,640,640,besar,276,303,336,388
tugu-kujang_20260505_141102_jpg.rf.4b03655e135396b31d56583a8324ba1a.jpg,640,640,mobil,227,252,256,295
tugu-kujang_20260505_141102_jpg.rf.4b03655e135396b31d56583a8324ba1a.jpg,640,640,mobil,215,239,234,266
tugu-kujang_20260505_141102_jpg.rf.4b03655e135396b31d56583a8324ba1a.jpg,640,640,mobil,207,222,224,246
tugu-kujang_20260505_141102_jpg.rf.4b03655e135396b31d56583a8324ba1a.jpg,640,640,mobil,188,195,205,221
tugu-kujang_20260505_141102_jpg.rf.4b03655e135396b31d56583a8324ba1a.jpg,640,640,mobil,275,224,299,260
tugu-kujang_20260505_141102_jpg.rf.4b03655e135396b31d56583a8324ba1a.jpg,640,640,motor,334,241,345,268
tugu-kujang_20260505_141102_jpg.rf.4b03655e135396b31d56583a8324ba1a.jpg,640,640,motor,307,236,321,257
tugu-kujang_20260505_141102_jpg.rf.4b03655e135396b31d56583a8324ba1a.jpg,640,640,mobil,234,178,253,205
depan-kantor-pos_20260505_142000_jpg.rf.57bcf5d75327e1e181d973f52c246741.jpg,640,640,motor,0,566,46,640
depan-kantor-pos_20260505_142000_jpg.rf.57bcf5d75327e1e181d973f52c246741.jpg,640,640,mobil,213,311,269,407
depan-kantor-pos_20260505_142000_jpg.rf.57bcf5d75327e1e181d973f52c246741.jpg,640,640,mobil,257,345,319,470
depan-kantor-pos_20260505_142000_jpg.rf.57bcf5d75327e1e181d973f52c246741.jpg,640,640,mobil,344,308,389,416
depan-kantor-pos_20260505_142000_jpg.rf.57bcf5d75327e1e181d973f52c246741.jpg,640,640,mobil,337,219,371,296
depan-kantor-pos_20260505_142000_jpg.rf.57bcf5d75327e1e181d973f52c246741.jpg,640,640,mobil,287,228,329,293
depan-kantor-pos_20260505_142000_jpg.rf.57bcf5d75327e1e181d973f52c246741.jpg,640,640,mobil,228,236,277,299
depan-kantor-pos_20260505_142000_jpg.rf.57bcf5d75327e1e181d973f52c246741.jpg,640,640,mobil,402,189,430,237
depan-kantor-pos_20260505_142000_jpg.rf.57bcf5d75327e1e181d973f52c246741.jpg,640,640,mobil,373,178,397,222
depan-kantor-pos_20260505_142000_jpg.rf.57bcf5d75327e1e181d973f52c246741.jpg,640,640,mobil,393,165,411,193
depan-kantor-pos_20260505_142000_jpg.rf.57bcf5d75327e1e181d973f52c246741.jpg,640,640,mobil,400,153,412,171
depan-kantor-pos_20260505_142000_jpg.rf.57bcf5d75327e1e181d973f52c246741.jpg,640,640,mobil,404,140,416,153
depan-kantor-pos_20260505_142000_jpg.rf.57bcf5d75327e1e181d973f52c246741.jpg,640,640,besar,317,166,351,211
depan-kantor-pos_20260505_142000_jpg.rf.57bcf5d75327e1e181d973f52c246741.jpg,640,640,besar,407,118,424,150
depan-kantor-pos_20260505_142000_jpg.rf.57bcf5d75327e1e181d973f52c246741.jpg,640,640,motor,353,142,361,165
depan-kantor-pos_20260505_142000_jpg.rf.57bcf5d75327e1e181d973f52c246741.jpg,640,640,mobil,363,143,376,172
depan-kantor-pos_20260505_142000_jpg.rf.57bcf5d75327e1e181d973f52c246741.jpg,640,640,mobil,370,155,387,185
tugu-kujang_20260505_174945_jpg.rf.97558db84335d1bf4e3f06d9d0ad5178.jpg,640,640,mobil,255,425,308,519
tugu-kujang_20260505_174945_jpg.rf.97558db84335d1bf4e3f06d9d0ad5178.jpg,640,640,motor,224,461,250,537
tugu-kujang_20260505_174945_jpg.rf.97558db84335d1bf4e3f06d9d0ad5178.jpg,640,640,motor,185,444,212,520
tugu-kujang_20260505_174945_jpg.rf.97558db84335d1bf4e3f06d9d0ad5178.jpg,640,640,motor,190,381,211,439
tugu-kujang_20260505_174945_jpg.rf.97558db84335d1bf4e3f06d9d0ad5178.jpg,640,640,mobil,139,325,177,391
tugu-kujang_20260505_174945_jpg.rf.97558db84335d1bf4e3f06d9d0ad5178.jpg,640,640,mobil,198,563,266,640
tugu-kujang_20260505_174945_jpg.rf.97558db84335d1bf4e3f06d9d0ad5178.jpg,640,640,mobil,361,466,449,579
tugu-kujang_20260505_174945_jpg.rf.97558db84335d1bf4e3f06d9d0ad5178.jpg,640,640,mobil,314,574,412,640
tugu-kujang_20260505_174945_jpg.rf.97558db84335d1bf4e3f06d9d0ad5178.jpg,640,640,mobil,308,384,353,465
tugu-kujang_20260505_174945_jpg.rf.97558db84335d1bf4e3f06d9d0ad5178.jpg,640,640,mobil,290,325,329,391
tugu-kujang_20260505_174945_jpg.rf.97558db84335d1bf4e3f06d9d0ad5178.jpg,640,640,motor,232,304,248,350
tugu-kujang_20260505_174945_jpg.rf.97558db84335d1bf4e3f06d9d0ad5178.jpg,640,640,mobil,259,302,297,353
tugu-kujang_20260505_174945_jpg.rf.97558db84335d1bf4e3f06d9d0ad5178.jpg,640,640,besar,237,243,279,311
tugu-kujang_20260505_174945_jpg.rf.97558db84335d1bf4e3f06d9d0ad5178.jpg,640,640,motor,215,307,229,361
tugu-kujang_20260505_174945_jpg.rf.97558db84335d1bf4e3f06d9d0ad5178.jpg,640,640,mobil,192,263,216,305
tugu-kujang_20260505_174945_jpg.rf.97558db84335d1bf4e3f06d9d0ad5178.jpg,640,640,mobil,332,258,367,305
tugu-kujang_20260505_174945_jpg.rf.97558db84335d1bf4e3f06d9d0ad5178.jpg,640,640,mobil,359,256,390,295
tugu-kujang_20260505_174945_jpg.rf.97558db84335d1bf4e3f06d9d0ad5178.jpg,640,640,mobil,563,317,614,370
tugu-kujang_20260505_174945_jpg.rf.97558db84335d1bf4e3f06d9d0ad5178.jpg,640,640,mobil,524,297,567,341
tugu-kujang_20260505_174945_jpg.rf.97558db84335d1bf4e3f06d9d0ad5178.jpg,640,640,mobil,301,212,333,257
tugu-kujang_20260505_174945_jpg.rf.97558db84335d1bf4e3f06d9d0ad5178.jpg,640,640,mobil,257,189,279,217
tugu-kujang_20260505_174945_jpg.rf.97558db84335d1bf4e3f06d9d0ad5178.jpg,640,640,mobil,222,172,238,194
tugu-kujang_20260505_174945_jpg.rf.97558db84335d1bf4e3f06d9d0ad5178.jpg,640,640,mobil,218,235,235,255
tugu-kujang_20260505_174945_jpg.rf.97558db84335d1bf4e3f06d9d0ad5178.jpg,640,640,mobil,158,265,182,301
tugu-kujang_20260505_174945_jpg.rf.97558db84335d1bf4e3f06d9d0ad5178.jpg,640,640,mobil,229,197,248,224
tugu-kujang_20260505_174945_jpg.rf.97558db84335d1bf4e3f06d9d0ad5178.jpg,640,640,mobil,183,227,197,251
tugu-kujang_20260505_174945_jpg.rf.97558db84335d1bf4e3f06d9d0ad5178.jpg,640,640,mobil,203,221,221,244
tugu-kujang_20260505_174945_jpg.rf.97558db84335d1bf4e3f06d9d0ad5178.jpg,640,640,mobil,192,199,210,222
tugu-kujang_20260505_174939_jpg.rf.4c81df7b6352bd896c917b0170056e6c.jpg,640,640,besar,392,236,485,324
tugu-kujang_20260505_174939_jpg.rf.4c81df7b6352bd896c917b0170056e6c.jpg,640,640,mobil,59,519,137,627
tugu-kujang_20260505_174939_jpg.rf.4c81df7b6352bd896c917b0170056e6c.jpg,640,640,mobil,341,478,414,610
tugu-kujang_20260505_174939_jpg.rf.4c81df7b6352bd896c917b0170056e6c.jpg,640,640,motor,278,517,303,605
tugu-kujang_20260505_174939_jpg.rf.4c81df7b6352bd896c917b0170056e6c.jpg,640,640,motor,300,473,327,557
tugu-kujang_20260505_174939_jpg.rf.4c81df7b6352bd896c917b0170056e6c.jpg,640,640,mobil,225,370,268,446
tugu-kujang_20260505_174939_jpg.rf.4c81df7b6352bd896c917b0170056e6c.jpg,640,640,motor,276,372,296,436
tugu-kujang_20260505_174939_jpg.rf.4c81df7b6352bd896c917b0170056e6c.jpg,640,640,mobil,282,339,324,400
tugu-kujang_20260505_174939_jpg.rf.4c81df7b6352bd896c917b0170056e6c.jpg,640,640,mobil,321,379,375,451
tugu-kujang_20260505_174939_jpg.rf.4c81df7b6352bd896c917b0170056e6c.jpg,640,640,motor,234,312,254,352
tugu-kujang_20260505_174939_jpg.rf.4c81df7b6352bd896c917b0170056e6c.jpg,640,640,besar,261,260,303,337
tugu-kujang_20260505_174939_jpg.rf.4c81df7b6352bd896c917b0170056e6c.jpg,640,640,mobil,242,273,264,306
tugu-kujang_20260505_174939_jpg.rf.4c81df7b6352bd896c917b0170056e6c.jpg,640,640,mobil,235,255,254,284
tugu-kujang_20260505_174939_jpg.rf.4c81df7b6352bd896c917b0170056e6c.jpg,640,640,mobil,211,258,232,284
tugu-kujang_20260505_174939_jpg.rf.4c81df7b6352bd896c917b0170056e6c.jpg,640,640,mobil,187,246,207,278
tugu-kujang_20260505_174939_jpg.rf.4c81df7b6352bd896c917b0170056e6c.jpg,640,640,mobil,213,236,234,263
tugu-kujang_20260505_174939_jpg.rf.4c81df7b6352bd896c917b0170056e6c.jpg,640,640,mobil,207,219,222,237
tugu-kujang_20260505_174939_jpg.rf.4c81df7b6352bd896c917b0170056e6c.jpg,640,640,mobil,196,202,210,218
tugu-kujang_20260505_174939_jpg.rf.4c81df7b6352bd896c917b0170056e6c.jpg,640,640,motor,354,274,375,309
tugu-kujang_20260505_174939_jpg.rf.4c81df7b6352bd896c917b0170056e6c.jpg,640,640,mobil,303,242,334,280
tugu-kujang_20260505_174939_jpg.rf.4c81df7b6352bd896c917b0170056e6c.jpg,640,640,mobil,312,219,331,255
tugu-kujang_20260505_174939_jpg.rf.4c81df7b6352bd896c917b0170056e6c.jpg,640,640,motor,254,214,262,235
tugu-kujang_20260505_174939_jpg.rf.4c81df7b6352bd896c917b0170056e6c.jpg,640,640,mobil,236,202,254,229
tugu-kujang_20260505_174939_jpg.rf.4c81df7b6352bd896c917b0170056e6c.jpg,640,640,mobil,425,591,520,640
depan-balaikota_20260505_175257_jpg.rf.a012d5934de672887254700b0fe13a9c.jpg,640,640,mobil,182,373,246,492
depan-balaikota_20260505_175257_jpg.rf.a012d5934de672887254700b0fe13a9c.jpg,640,640,mobil,242,288,278,349
depan-balaikota_20260505_175257_jpg.rf.a012d5934de672887254700b0fe13a9c.jpg,640,640,mobil,292,368,349,504
depan-balaikota_20260505_175257_jpg.rf.a012d5934de672887254700b0fe13a9c.jpg,640,640,mobil,171,266,209,326
depan-balaikota_20260505_175257_jpg.rf.a012d5934de672887254700b0fe13a9c.jpg,640,640,motor,215,247,230,302
depan-balaikota_20260505_175257_jpg.rf.a012d5934de672887254700b0fe13a9c.jpg,640,640,mobil,313,300,353,372
depan-balaikota_20260505_175257_jpg.rf.a012d5934de672887254700b0fe13a9c.jpg,640,640,mobil,331,222,356,265
depan-kantor-pos_20260505_175343_jpg.rf.9955046e2ca6af8de8eb56b2d8994153.jpg,640,640,motor,218,280,240,347
depan-kantor-pos_20260505_175343_jpg.rf.9955046e2ca6af8de8eb56b2d8994153.jpg,640,640,mobil,255,264,305,346
depan-kantor-pos_20260505_175343_jpg.rf.9955046e2ca6af8de8eb56b2d8994153.jpg,640,640,mobil,230,221,280,284
depan-kantor-pos_20260505_175343_jpg.rf.9955046e2ca6af8de8eb56b2d8994153.jpg,640,640,mobil,351,180,376,228
depan-kantor-pos_20260505_175343_jpg.rf.9955046e2ca6af8de8eb56b2d8994153.jpg,640,640,mobil,315,169,340,206
depan-kantor-pos_20260505_175343_jpg.rf.9955046e2ca6af8de8eb56b2d8994153.jpg,640,640,motor,338,177,349,215
depan-kantor-pos_20260505_175343_jpg.rf.9955046e2ca6af8de8eb56b2d8994153.jpg,640,640,mobil,356,140,375,169
depan-kantor-pos_20260505_175343_jpg.rf.9955046e2ca6af8de8eb56b2d8994153.jpg,640,640,mobil,408,164,433,214
depan-kantor-pos_20260505_175343_jpg.rf.9955046e2ca6af8de8eb56b2d8994153.jpg,640,640,motor,327,543,364,633
depan-kantor-pos_20260505_175343_jpg.rf.9955046e2ca6af8de8eb56b2d8994153.jpg,640,640,motor,395,466,418,541
jl-pajajaran_20260505_141531_jpg.rf.75c46a596407ac40463eb70f37c69cc4.jpg,640,640,mobil,0,369,58,505
jl-pajajaran_20260505_141531_jpg.rf.75c46a596407ac40463eb70f37c69cc4.jpg,640,640,motor,110,286,137,350
jl-pajajaran_20260505_141531_jpg.rf.75c46a596407ac40463eb70f37c69cc4.jpg,640,640,mobil,130,258,208,384
jl-pajajaran_20260505_141531_jpg.rf.75c46a596407ac40463eb70f37c69cc4.jpg,640,640,motor,249,164,273,218
jl-pajajaran_20260505_141531_jpg.rf.75c46a596407ac40463eb70f37c69cc4.jpg,640,640,mobil,297,120,335,173
jl-pajajaran_20260505_141531_jpg.rf.75c46a596407ac40463eb70f37c69cc4.jpg,640,640,mobil,302,95,335,133
jl-pajajaran_20260505_141531_jpg.rf.75c46a596407ac40463eb70f37c69cc4.jpg,640,640,mobil,348,91,369,125
jl-pajajaran_20260505_141531_jpg.rf.75c46a596407ac40463eb70f37c69cc4.jpg,640,640,motor,357,114,368,147
jl-pajajaran_20260505_141531_jpg.rf.75c46a596407ac40463eb70f37c69cc4.jpg,640,640,motor,374,102,385,134
jl-pajajaran_20260505_141531_jpg.rf.75c46a596407ac40463eb70f37c69cc4.jpg,640,640,mobil,362,145,404,214
jl-pajajaran_20260505_141531_jpg.rf.75c46a596407ac40463eb70f37c69cc4.jpg,640,640,mobil,443,120,470,166
jl-pajajaran_20260505_141531_jpg.rf.75c46a596407ac40463eb70f37c69cc4.jpg,640,640,mobil,461,106,477,134
jl-pajajaran_20260505_141531_jpg.rf.75c46a596407ac40463eb70f37c69cc4.jpg,640,640,motor,444,89,451,114
jl-pajajaran_20260505_141531_jpg.rf.75c46a596407ac40463eb70f37c69cc4.jpg,640,640,mobil,372,78,384,102
jl-pajajaran_20260505_141531_jpg.rf.75c46a596407ac40463eb70f37c69cc4.jpg,640,640,motor,352,62,357,85
jl-pajajaran_20260505_141531_jpg.rf.75c46a596407ac40463eb70f37c69cc4.jpg,640,640,motor,360,66,364,81
jl-pajajaran_20260505_141531_jpg.rf.75c46a596407ac40463eb70f37c69cc4.jpg,640,640,mobil,373,66,381,83
jl-pajajaran_20260505_141531_jpg.rf.75c46a596407ac40463eb70f37c69cc4.jpg,640,640,motor,388,69,392,84
tugu-kujang_20260505_141152_jpg.rf.a2888ddf99579c7bae6dbb6d30835add.jpg,640,640,mobil,371,538,487,640
tugu-kujang_20260505_141152_jpg.rf.a2888ddf99579c7bae6dbb6d30835add.jpg,640,640,mobil,201,539,307,640
tugu-kujang_20260505_141152_jpg.rf.a2888ddf99579c7bae6dbb6d30835add.jpg,640,640,mobil,256,380,321,470
tugu-kujang_20260505_141152_jpg.rf.a2888ddf99579c7bae6dbb6d30835add.jpg,640,640,mobil,1,383,76,476
tugu-kujang_20260505_141152_jpg.rf.a2888ddf99579c7bae6dbb6d30835add.jpg,640,640,mobil,174,290,206,335
tugu-kujang_20260505_141152_jpg.rf.a2888ddf99579c7bae6dbb6d30835add.jpg,640,640,mobil,211,281,242,332
tugu-kujang_20260505_141152_jpg.rf.a2888ddf99579c7bae6dbb6d30835add.jpg,640,640,mobil,221,250,252,290
tugu-kujang_20260505_141152_jpg.rf.a2888ddf99579c7bae6dbb6d30835add.jpg,640,640,mobil,219,237,237,256
tugu-kujang_20260505_141152_jpg.rf.a2888ddf99579c7bae6dbb6d30835add.jpg,640,640,mobil,189,234,206,264
tugu-kujang_20260505_141152_jpg.rf.a2888ddf99579c7bae6dbb6d30835add.jpg,640,640,mobil,174,217,193,247
tugu-kujang_20260505_141152_jpg.rf.a2888ddf99579c7bae6dbb6d30835add.jpg,640,640,mobil,203,212,222,244
tugu-kujang_20260505_141152_jpg.rf.a2888ddf99579c7bae6dbb6d30835add.jpg,640,640,mobil,192,189,205,213
tugu-kujang_20260505_141152_jpg.rf.a2888ddf99579c7bae6dbb6d30835add.jpg,640,640,motor,182,272,200,294
tugu-kujang_20260505_141152_jpg.rf.a2888ddf99579c7bae6dbb6d30835add.jpg,640,640,mobil,331,259,373,304
tugu-kujang_20260505_141152_jpg.rf.a2888ddf99579c7bae6dbb6d30835add.jpg,640,640,mobil,303,248,332,282
tugu-kujang_20260505_141152_jpg.rf.a2888ddf99579c7bae6dbb6d30835add.jpg,640,640,mobil,286,211,304,235
tugu-kujang_20260505_141152_jpg.rf.a2888ddf99579c7bae6dbb6d30835add.jpg,640,640,mobil,288,230,312,254
tugu-kujang_20260505_141152_jpg.rf.a2888ddf99579c7bae6dbb6d30835add.jpg,640,640,mobil,318,226,337,253
jl-pajajaran_20260505_141516_jpg.rf.ace5738ac6fd84e64caa869ad5fc62d7.jpg,640,640,besar,344,129,444,326
jl-pajajaran_20260505_141516_jpg.rf.ace5738ac6fd84e64caa869ad5fc62d7.jpg,640,640,motor,379,309,450,515
jl-pajajaran_20260505_141516_jpg.rf.ace5738ac6fd84e64caa869ad5fc62d7.jpg,640,640,mobil,242,137,287,192
jl-pajajaran_20260505_141516_jpg.rf.ace5738ac6fd84e64caa869ad5fc62d7.jpg,640,640,motor,262,163,287,208
jl-pajajaran_20260505_141516_jpg.rf.ace5738ac6fd84e64caa869ad5fc62d7.jpg,640,640,motor,331,101,343,130
jl-pajajaran_20260505_141516_jpg.rf.ace5738ac6fd84e64caa869ad5fc62d7.jpg,640,640,motor,343,118,360,161
jl-pajajaran_20260505_141516_jpg.rf.ace5738ac6fd84e64caa869ad5fc62d7.jpg,640,640,motor,381,92,394,119
jl-pajajaran_20260505_141516_jpg.rf.ace5738ac6fd84e64caa869ad5fc62d7.jpg,640,640,motor,395,79,404,115
jl-pajajaran_20260505_141516_jpg.rf.ace5738ac6fd84e64caa869ad5fc62d7.jpg,640,640,motor,360,97,371,123
jl-pajajaran_20260505_141516_jpg.rf.ace5738ac6fd84e64caa869ad5fc62d7.jpg,640,640,mobil,359,76,372,105
jl-pajajaran_20260505_141516_jpg.rf.ace5738ac6fd84e64caa869ad5fc62d7.jpg,640,640,mobil,350,75,360,96
jl-pajajaran_20260505_141516_jpg.rf.ace5738ac6fd84e64caa869ad5fc62d7.jpg,640,640,mobil,440,103,461,144
jl-pajajaran_20260505_141516_jpg.rf.ace5738ac6fd84e64caa869ad5fc62d7.jpg,640,640,mobil,469,95,488,131
jl-pajajaran_20260505_141516_jpg.rf.ace5738ac6fd84e64caa869ad5fc62d7.jpg,640,640,mobil,455,84,468,109
jl-pajajaran_20260505_141516_jpg.rf.ace5738ac6fd84e64caa869ad5fc62d7.jpg,640,640,motor,479,79,486,98
jl-pajajaran_20260505_141516_jpg.rf.ace5738ac6fd84e64caa869ad5fc62d7.jpg,640,640,mobil,10,373,66,455
jl-pajajaran_20260505_141516_jpg.rf.ace5738ac6fd84e64caa869ad5fc62d7.jpg,640,640,besar,0,391,43,581
tugu-kujang_20260505_174947_jpg.rf.abc0a53a425b1f16c73c345aec4f9bba.jpg,640,640,mobil,195,426,244,528
tugu-kujang_20260505_174947_jpg.rf.abc0a53a425b1f16c73c345aec4f9bba.jpg,640,640,mobil,282,458,348,575
tugu-kujang_20260505_174947_jpg.rf.abc0a53a425b1f16c73c345aec4f9bba.jpg,640,640,mobil,341,427,413,518
tugu-kujang_20260505_174947_jpg.rf.abc0a53a425b1f16c73c345aec4f9bba.jpg,640,640,mobil,289,366,341,437
tugu-kujang_20260505_174947_jpg.rf.abc0a53a425b1f16c73c345aec4f9bba.jpg,640,640,mobil,238,356,280,426
tugu-kujang_20260505_174947_jpg.rf.abc0a53a425b1f16c73c345aec4f9bba.jpg,640,640,motor,218,363,236,415
tugu-kujang_20260505_174947_jpg.rf.abc0a53a425b1f16c73c345aec4f9bba.jpg,640,640,motor,186,362,201,412
tugu-kujang_20260505_174947_jpg.rf.abc0a53a425b1f16c73c345aec4f9bba.jpg,640,640,motor,193,326,213,372
tugu-kujang_20260505_174947_jpg.rf.abc0a53a425b1f16c73c345aec4f9bba.jpg,640,640,mobil,142,325,176,382
tugu-kujang_20260505_174947_jpg.rf.abc0a53a425b1f16c73c345aec4f9bba.jpg,640,640,mobil,157,271,181,307
tugu-kujang_20260505_174947_jpg.rf.abc0a53a425b1f16c73c345aec4f9bba.jpg,640,640,mobil,186,252,207,286
tugu-kujang_20260505_174947_jpg.rf.abc0a53a425b1f16c73c345aec4f9bba.jpg,640,640,besar,231,233,263,295
tugu-kujang_20260505_174947_jpg.rf.abc0a53a425b1f16c73c345aec4f9bba.jpg,640,640,mobil,252,288,284,342
tugu-kujang_20260505_174947_jpg.rf.abc0a53a425b1f16c73c345aec4f9bba.jpg,640,640,mobil,283,319,318,370
tugu-kujang_20260505_174947_jpg.rf.abc0a53a425b1f16c73c345aec4f9bba.jpg,640,640,motor,209,273,223,311
tugu-kujang_20260505_174947_jpg.rf.abc0a53a425b1f16c73c345aec4f9bba.jpg,640,640,mobil,216,228,231,251
tugu-kujang_20260505_174947_jpg.rf.abc0a53a425b1f16c73c345aec4f9bba.jpg,640,640,mobil,205,219,219,241
tugu-kujang_20260505_174947_jpg.rf.abc0a53a425b1f16c73c345aec4f9bba.jpg,640,640,mobil,199,211,212,227
tugu-kujang_20260505_174947_jpg.rf.abc0a53a425b1f16c73c345aec4f9bba.jpg,640,640,mobil,193,199,208,216
tugu-kujang_20260505_174947_jpg.rf.abc0a53a425b1f16c73c345aec4f9bba.jpg,640,640,motor,197,228,205,255
tugu-kujang_20260505_174947_jpg.rf.abc0a53a425b1f16c73c345aec4f9bba.jpg,640,640,mobil,177,216,196,246
tugu-kujang_20260505_174947_jpg.rf.abc0a53a425b1f16c73c345aec4f9bba.jpg,640,640,motor,256,536,289,612
tugu-kujang_20260505_174947_jpg.rf.abc0a53a425b1f16c73c345aec4f9bba.jpg,640,640,motor,250,457,269,532
tugu-kujang_20260505_174947_jpg.rf.abc0a53a425b1f16c73c345aec4f9bba.jpg,640,640,mobil,416,279,459,331
tugu-kujang_20260505_174947_jpg.rf.abc0a53a425b1f16c73c345aec4f9bba.jpg,640,640,mobil,479,291,528,356
tugu-kujang_20260505_174947_jpg.rf.abc0a53a425b1f16c73c345aec4f9bba.jpg,640,640,mobil,306,212,334,261
tugu-kujang_20260505_174947_jpg.rf.abc0a53a425b1f16c73c345aec4f9bba.jpg,640,640,mobil,259,191,281,224
tugu-kujang_20260505_174947_jpg.rf.abc0a53a425b1f16c73c345aec4f9bba.jpg,640,640,mobil,219,190,239,217
jl-pajajaran_20260505_141536_jpg.rf.5b216532aac05fdcc86d528ef20908a1.jpg,640,640,mobil,275,239,371,399
jl-pajajaran_20260505_141536_jpg.rf.5b216532aac05fdcc86d528ef20908a1.jpg,640,640,mobil,416,150,448,222
jl-pajajaran_20260505_141536_jpg.rf.5b216532aac05fdcc86d528ef20908a1.jpg,640,640,mobil,450,135,474,187
jl-pajajaran_20260505_141536_jpg.rf.5b216532aac05fdcc86d528ef20908a1.jpg,640,640,motor,448,118,457,142
jl-pajajaran_20260505_141536_jpg.rf.5b216532aac05fdcc86d528ef20908a1.jpg,640,640,motor,387,97,395,119
jl-pajajaran_20260505_141536_jpg.rf.5b216532aac05fdcc86d528ef20908a1.jpg,640,640,mobil,311,122,348,175
jl-pajajaran_20260505_141536_jpg.rf.5b216532aac05fdcc86d528ef20908a1.jpg,640,640,mobil,247,142,294,192
jl-pajajaran_20260505_141536_jpg.rf.5b216532aac05fdcc86d528ef20908a1.jpg,640,640,mobil,263,107,301,141
jl-pajajaran_20260505_141536_jpg.rf.5b216532aac05fdcc86d528ef20908a1.jpg,640,640,mobil,299,97,331,127
jl-pajajaran_20260505_141536_jpg.rf.5b216532aac05fdcc86d528ef20908a1.jpg,640,640,motor,339,100,348,127
jl-pajajaran_20260505_141536_jpg.rf.5b216532aac05fdcc86d528ef20908a1.jpg,640,640,mobil,363,87,378,116
jl-pajajaran_20260505_141536_jpg.rf.5b216532aac05fdcc86d528ef20908a1.jpg,640,640,mobil,374,74,384,96
jl-pajajaran_20260505_141536_jpg.rf.5b216532aac05fdcc86d528ef20908a1.jpg,640,640,mobil,360,62,368,79
jl-pajajaran_20260505_141536_jpg.rf.5b216532aac05fdcc86d528ef20908a1.jpg,640,640,mobil,368,60,374,70
jl-pajajaran_20260505_141536_jpg.rf.5b216532aac05fdcc86d528ef20908a1.jpg,640,640,motor,403,76,407,92
jl-pajajaran_20260505_141536_jpg.rf.5b216532aac05fdcc86d528ef20908a1.jpg,640,640,mobil,57,295,130,405
jl-pajajaran_20260505_141536_jpg.rf.5b216532aac05fdcc86d528ef20908a1.jpg,640,640,motor,3,506,48,603
jl-pajajaran_20260505_141536_jpg.rf.5b216532aac05fdcc86d528ef20908a1.jpg,640,640,motor,352,65,358,84
depan-kantor-pos_20260505_142007_jpg.rf.b94edda539752472582f68abb99a36b3.jpg,640,640,motor,0,460,43,558
depan-kantor-pos_20260505_142007_jpg.rf.b94edda539752472582f68abb99a36b3.jpg,640,640,mobil,14,483,124,640
depan-kantor-pos_20260505_142007_jpg.rf.b94edda539752472582f68abb99a36b3.jpg,640,640,motor,63,390,103,477
depan-kantor-pos_20260505_142007_jpg.rf.b94edda539752472582f68abb99a36b3.jpg,640,640,motor,115,406,164,504
depan-kantor-pos_20260505_142007_jpg.rf.b94edda539752472582f68abb99a36b3.jpg,640,640,mobil,189,419,298,618
depan-kantor-pos_20260505_142007_jpg.rf.b94edda539752472582f68abb99a36b3.jpg,640,640,mobil,303,290,353,388
depan-kantor-pos_20260505_142007_jpg.rf.b94edda539752472582f68abb99a36b3.jpg,640,640,mobil,221,249,268,326
depan-kantor-pos_20260505_142007_jpg.rf.b94edda539752472582f68abb99a36b3.jpg,640,640,mobil,268,264,313,337
depan-kantor-pos_20260505_142007_jpg.rf.b94edda539752472582f68abb99a36b3.jpg,640,640,motor,224,245,238,272
depan-kantor-pos_20260505_142007_jpg.rf.b94edda539752472582f68abb99a36b3.jpg,640,640,mobil,311,178,334,220
depan-kantor-pos_20260505_142007_jpg.rf.b94edda539752472582f68abb99a36b3.jpg,640,640,besar,330,163,369,237
depan-kantor-pos_20260505_142007_jpg.rf.b94edda539752472582f68abb99a36b3.jpg,640,640,motor,372,193,381,221
depan-kantor-pos_20260505_142007_jpg.rf.b94edda539752472582f68abb99a36b3.jpg,640,640,motor,379,178,390,204
depan-kantor-pos_20260505_142007_jpg.rf.b94edda539752472582f68abb99a36b3.jpg,640,640,motor,389,201,400,228
depan-kantor-pos_20260505_142007_jpg.rf.b94edda539752472582f68abb99a36b3.jpg,640,640,motor,381,204,389,223
depan-kantor-pos_20260505_142007_jpg.rf.b94edda539752472582f68abb99a36b3.jpg,640,640,mobil,402,200,427,238
depan-kantor-pos_20260505_142007_jpg.rf.b94edda539752472582f68abb99a36b3.jpg,640,640,mobil,392,146,409,173
depan-kantor-pos_20260505_142007_jpg.rf.b94edda539752472582f68abb99a36b3.jpg,640,640,mobil,428,136,440,159
depan-kantor-pos_20260505_142007_jpg.rf.b94edda539752472582f68abb99a36b3.jpg,640,640,besar,378,112,400,149
depan-kantor-pos_20260505_142007_jpg.rf.b94edda539752472582f68abb99a36b3.jpg,640,640,motor,412,149,419,175
depan-kantor-pos_20260505_142007_jpg.rf.b94edda539752472582f68abb99a36b3.jpg,640,640,motor,418,146,426,167
depan-kantor-pos_20260505_142007_jpg.rf.b94edda539752472582f68abb99a36b3.jpg,640,640,mobil,402,122,414,143
depan-kantor-pos_20260505_142007_jpg.rf.b94edda539752472582f68abb99a36b3.jpg,640,640,mobil,414,118,424,135
depan-kantor-pos_20260505_142007_jpg.rf.b94edda539752472582f68abb99a36b3.jpg,640,640,motor,439,122,444,135
depan-kantor-pos_20260505_142007_jpg.rf.b94edda539752472582f68abb99a36b3.jpg,640,640,mobil,446,119,455,136
depan-kantor-pos_20260505_142007_jpg.rf.b94edda539752472582f68abb99a36b3.jpg,640,640,motor,428,122,433,134
depan-kantor-pos_20260505_142007_jpg.rf.b94edda539752472582f68abb99a36b3.jpg,640,640,motor,434,118,439,134
depan-kantor-pos_20260505_175348_jpg.rf.a241244c23e99d350c98fe3da458fa41.jpg,640,640,motor,314,262,336,319
depan-kantor-pos_20260505_175348_jpg.rf.a241244c23e99d350c98fe3da458fa41.jpg,640,640,motor,277,253,298,302
depan-kantor-pos_20260505_175348_jpg.rf.a241244c23e99d350c98fe3da458fa41.jpg,640,640,mobil,271,206,305,263
depan-kantor-pos_20260505_175348_jpg.rf.a241244c23e99d350c98fe3da458fa41.jpg,640,640,motor,311,216,324,262
depan-kantor-pos_20260505_175348_jpg.rf.a241244c23e99d350c98fe3da458fa41.jpg,640,640,motor,356,202,368,245
depan-kantor-pos_20260505_175348_jpg.rf.a241244c23e99d350c98fe3da458fa41.jpg,640,640,motor,339,196,350,239
depan-kantor-pos_20260505_175348_jpg.rf.a241244c23e99d350c98fe3da458fa41.jpg,640,640,mobil,334,141,361,187
depan-kantor-pos_20260505_175348_jpg.rf.a241244c23e99d350c98fe3da458fa41.jpg,640,640,mobil,403,172,429,216
depan-kantor-pos_20260505_175348_jpg.rf.a241244c23e99d350c98fe3da458fa41.jpg,640,640,mobil,370,142,386,173
depan-kantor-pos_20260505_175347_jpg.rf.421b9cf8987852b65922f6652c969a22.jpg,640,640,motor,75,424,120,535
depan-kantor-pos_20260505_175347_jpg.rf.421b9cf8987852b65922f6652c969a22.jpg,640,640,mobil,160,391,249,558
depan-kantor-pos_20260505_175347_jpg.rf.421b9cf8987852b65922f6652c969a22.jpg,640,640,motor,156,378,183,451
depan-kantor-pos_20260505_175347_jpg.rf.421b9cf8987852b65922f6652c969a22.jpg,640,640,mobil,134,293,201,392
depan-kantor-pos_20260505_175347_jpg.rf.421b9cf8987852b65922f6652c969a22.jpg,640,640,motor,234,287,254,358
depan-kantor-pos_20260505_175347_jpg.rf.421b9cf8987852b65922f6652c969a22.jpg,640,640,motor,270,289,292,358
depan-kantor-pos_20260505_175347_jpg.rf.421b9cf8987852b65922f6652c969a22.jpg,640,640,motor,250,252,269,303
depan-kantor-pos_20260505_175347_jpg.rf.421b9cf8987852b65922f6652c969a22.jpg,640,640,mobil,309,180,331,219
depan-kantor-pos_20260505_175347_jpg.rf.421b9cf8987852b65922f6652c969a22.jpg,640,640,mobil,411,170,436,209
depan-kantor-pos_20260505_175347_jpg.rf.421b9cf8987852b65922f6652c969a22.jpg,640,640,mobil,349,136,372,177
depan-kantor-pos_20260505_175347_jpg.rf.421b9cf8987852b65922f6652c969a22.jpg,640,640,motor,383,456,417,554
jl-juanda_20260505_175212_jpg.rf.1344c3118e0e5601cb890742e78811d9.jpg,640,640,motor,255,366,280,453
jl-juanda_20260505_175212_jpg.rf.1344c3118e0e5601cb890742e78811d9.jpg,640,640,motor,319,274,341,341
jl-juanda_20260505_175212_jpg.rf.1344c3118e0e5601cb890742e78811d9.jpg,640,640,mobil,340,259,406,347
jl-juanda_20260505_175212_jpg.rf.1344c3118e0e5601cb890742e78811d9.jpg,640,640,motor,275,185,294,234
jl-juanda_20260505_175212_jpg.rf.1344c3118e0e5601cb890742e78811d9.jpg,640,640,motor,265,258,298,333
jl-juanda_20260505_175212_jpg.rf.1344c3118e0e5601cb890742e78811d9.jpg,640,640,mobil,221,174,261,243
jl-juanda_20260505_175212_jpg.rf.1344c3118e0e5601cb890742e78811d9.jpg,640,640,mobil,222,152,244,189
jl-juanda_20260505_175212_jpg.rf.1344c3118e0e5601cb890742e78811d9.jpg,640,640,motor,241,152,254,182
jl-juanda_20260505_175212_jpg.rf.1344c3118e0e5601cb890742e78811d9.jpg,640,640,mobil,155,166,178,206
jl-juanda_20260505_175212_jpg.rf.1344c3118e0e5601cb890742e78811d9.jpg,640,640,mobil,173,127,195,170
jl-juanda_20260505_175212_jpg.rf.1344c3118e0e5601cb890742e78811d9.jpg,640,640,mobil,196,132,215,169
jl-juanda_20260505_175212_jpg.rf.1344c3118e0e5601cb890742e78811d9.jpg,640,640,mobil,214,125,229,157
jl-juanda_20260505_175212_jpg.rf.1344c3118e0e5601cb890742e78811d9.jpg,640,640,mobil,186,95,196,114
jl-juanda_20260505_175212_jpg.rf.1344c3118e0e5601cb890742e78811d9.jpg,640,640,mobil,198,94,209,117
jl-juanda_20260505_175212_jpg.rf.1344c3118e0e5601cb890742e78811d9.jpg,640,640,motor,416,416,456,513
depan-balaikota_20260505_175259_jpg.rf.66a7cb5f9ffa3a7357f114303d796a29.jpg,640,640,motor,160,307,184,377
depan-balaikota_20260505_175259_jpg.rf.66a7cb5f9ffa3a7357f114303d796a29.jpg,640,640,mobil,228,301,268,379
depan-balaikota_20260505_175259_jpg.rf.66a7cb5f9ffa3a7357f114303d796a29.jpg,640,640,mobil,192,261,237,328
depan-balaikota_20260505_175259_jpg.rf.66a7cb5f9ffa3a7357f114303d796a29.jpg,640,640,mobil,149,388,224,519
depan-balaikota_20260505_175259_jpg.rf.66a7cb5f9ffa3a7357f114303d796a29.jpg,640,640,motor,157,361,177,407
depan-balaikota_20260505_175259_jpg.rf.66a7cb5f9ffa3a7357f114303d796a29.jpg,640,640,mobil,317,300,353,369
depan-balaikota_20260505_175259_jpg.rf.66a7cb5f9ffa3a7357f114303d796a29.jpg,640,640,mobil,291,367,349,499
depan-balaikota_20260505_175259_jpg.rf.66a7cb5f9ffa3a7357f114303d796a29.jpg,640,640,motor,232,230,240,255
depan-balaikota_20260505_175259_jpg.rf.66a7cb5f9ffa3a7357f114303d796a29.jpg,640,640,mobil,331,216,358,264
depan-kantor-pos_20260505_175338_jpg.rf.25aa5c403dc1a2abbdf24950fefe43cd.jpg,640,640,motor,215,439,257,539
depan-kantor-pos_20260505_175338_jpg.rf.25aa5c403dc1a2abbdf24950fefe43cd.jpg,640,640,motor,175,449,213,541
depan-kantor-pos_20260505_175338_jpg.rf.25aa5c403dc1a2abbdf24950fefe43cd.jpg,640,640,motor,95,403,146,520
depan-kantor-pos_20260505_175338_jpg.rf.25aa5c403dc1a2abbdf24950fefe43cd.jpg,640,640,mobil,184,250,241,346
depan-kantor-pos_20260505_175338_jpg.rf.25aa5c403dc1a2abbdf24950fefe43cd.jpg,640,640,mobil,235,282,291,396
depan-kantor-pos_20260505_175338_jpg.rf.25aa5c403dc1a2abbdf24950fefe43cd.jpg,640,640,mobil,292,219,329,299
depan-kantor-pos_20260505_175338_jpg.rf.25aa5c403dc1a2abbdf24950fefe43cd.jpg,640,640,mobil,276,187,307,250
depan-kantor-pos_20260505_175338_jpg.rf.25aa5c403dc1a2abbdf24950fefe43cd.jpg,640,640,motor,307,303,327,370
depan-kantor-pos_20260505_175338_jpg.rf.25aa5c403dc1a2abbdf24950fefe43cd.jpg,640,640,motor,348,220,364,270
depan-kantor-pos_20260505_175338_jpg.rf.25aa5c403dc1a2abbdf24950fefe43cd.jpg,640,640,motor,318,186,331,222
depan-kantor-pos_20260505_175338_jpg.rf.25aa5c403dc1a2abbdf24950fefe43cd.jpg,640,640,motor,363,190,374,232
depan-kantor-pos_20260505_175338_jpg.rf.25aa5c403dc1a2abbdf24950fefe43cd.jpg,640,640,mobil,335,171,359,215
depan-kantor-pos_20260505_175338_jpg.rf.25aa5c403dc1a2abbdf24950fefe43cd.jpg,640,640,mobil,350,141,374,177
depan-kantor-pos_20260505_175338_jpg.rf.25aa5c403dc1a2abbdf24950fefe43cd.jpg,640,640,mobil,409,165,433,213
depan-balaikota_20260505_141803_jpg.rf.f4952cfd8c373d3ec7bceb8e9815c7f4.jpg,640,640,besar,132,292,277,568
depan-balaikota_20260505_141803_jpg.rf.f4952cfd8c373d3ec7bceb8e9815c7f4.jpg,640,640,besar,167,201,240,288
depan-balaikota_20260505_141803_jpg.rf.f4952cfd8c373d3ec7bceb8e9815c7f4.jpg,640,640,motor,254,252,270,286
depan-balaikota_20260505_141803_jpg.rf.f4952cfd8c373d3ec7bceb8e9815c7f4.jpg,640,640,motor,256,233,265,251
depan-balaikota_20260505_141803_jpg.rf.f4952cfd8c373d3ec7bceb8e9815c7f4.jpg,640,640,mobil,272,225,292,253
depan-balaikota_20260505_141803_jpg.rf.f4952cfd8c373d3ec7bceb8e9815c7f4.jpg,640,640,mobil,274,205,287,223
depan-balaikota_20260505_141803_jpg.rf.f4952cfd8c373d3ec7bceb8e9815c7f4.jpg,640,640,mobil,295,213,309,234
depan-balaikota_20260505_141803_jpg.rf.f4952cfd8c373d3ec7bceb8e9815c7f4.jpg,640,640,mobil,290,195,301,210
depan-balaikota_20260505_141803_jpg.rf.f4952cfd8c373d3ec7bceb8e9815c7f4.jpg,640,640,mobil,315,193,326,213
depan-balaikota_20260505_141803_jpg.rf.f4952cfd8c373d3ec7bceb8e9815c7f4.jpg,640,640,mobil,306,186,315,208
depan-balaikota_20260505_141803_jpg.rf.f4952cfd8c373d3ec7bceb8e9815c7f4.jpg,640,640,mobil,320,286,350,338
tugu-kujang_20260505_141212_jpg.rf.89587a1cf8c42e157afd380cdeddb0a8.jpg,640,640,mobil,205,306,235,360
tugu-kujang_20260505_141212_jpg.rf.89587a1cf8c42e157afd380cdeddb0a8.jpg,640,640,mobil,68,471,144,568
tugu-kujang_20260505_141212_jpg.rf.89587a1cf8c42e157afd380cdeddb0a8.jpg,640,640,motor,0,488,34,557
tugu-kujang_20260505_141212_jpg.rf.89587a1cf8c42e157afd380cdeddb0a8.jpg,640,640,mobil,176,240,199,277
tugu-kujang_20260505_141212_jpg.rf.89587a1cf8c42e157afd380cdeddb0a8.jpg,640,640,mobil,203,227,226,263
tugu-kujang_20260505_141212_jpg.rf.89587a1cf8c42e157afd380cdeddb0a8.jpg,640,640,mobil,226,247,244,276
tugu-kujang_20260505_141212_jpg.rf.89587a1cf8c42e157afd380cdeddb0a8.jpg,640,640,mobil,336,251,371,300
tugu-kujang_20260505_141212_jpg.rf.89587a1cf8c42e157afd380cdeddb0a8.jpg,640,640,motor,373,264,385,292
tugu-kujang_20260505_141212_jpg.rf.89587a1cf8c42e157afd380cdeddb0a8.jpg,640,640,mobil,499,296,544,340
tugu-kujang_20260505_141212_jpg.rf.89587a1cf8c42e157afd380cdeddb0a8.jpg,640,640,mobil,318,236,344,270
tugu-kujang_20260505_141212_jpg.rf.89587a1cf8c42e157afd380cdeddb0a8.jpg,640,640,mobil,274,219,293,252
tugu-kujang_20260505_141212_jpg.rf.89587a1cf8c42e157afd380cdeddb0a8.jpg,640,640,mobil,242,196,256,219
tugu-kujang_20260505_141212_jpg.rf.89587a1cf8c42e157afd380cdeddb0a8.jpg,640,640,mobil,235,180,249,198
tugu-kujang_20260505_141212_jpg.rf.89587a1cf8c42e157afd380cdeddb0a8.jpg,640,640,mobil,206,179,217,194
jl-juanda_20260505_141707_jpg.rf.ea30968b948d2a038dda6f323bdddcfa.jpg,640,640,motor,294,534,335,632
jl-juanda_20260505_141707_jpg.rf.ea30968b948d2a038dda6f323bdddcfa.jpg,640,640,mobil,270,275,321,355
jl-juanda_20260505_141707_jpg.rf.ea30968b948d2a038dda6f323bdddcfa.jpg,640,640,mobil,307,216,357,289
jl-juanda_20260505_141707_jpg.rf.ea30968b948d2a038dda6f323bdddcfa.jpg,640,640,mobil,234,191,275,265
jl-juanda_20260505_141707_jpg.rf.ea30968b948d2a038dda6f323bdddcfa.jpg,640,640,mobil,265,170,300,230
jl-juanda_20260505_141707_jpg.rf.ea30968b948d2a038dda6f323bdddcfa.jpg,640,640,mobil,193,199,227,248
jl-juanda_20260505_141707_jpg.rf.ea30968b948d2a038dda6f323bdddcfa.jpg,640,640,mobil,161,253,204,327
jl-juanda_20260505_141707_jpg.rf.ea30968b948d2a038dda6f323bdddcfa.jpg,640,640,mobil,161,210,191,258
jl-juanda_20260505_141707_jpg.rf.ea30968b948d2a038dda6f323bdddcfa.jpg,640,640,mobil,160,180,184,217
jl-juanda_20260505_141707_jpg.rf.ea30968b948d2a038dda6f323bdddcfa.jpg,640,640,mobil,154,160,178,189
jl-juanda_20260505_141707_jpg.rf.ea30968b948d2a038dda6f323bdddcfa.jpg,640,640,mobil,152,141,171,167
jl-juanda_20260505_141707_jpg.rf.ea30968b948d2a038dda6f323bdddcfa.jpg,640,640,mobil,152,121,167,142
jl-juanda_20260505_141707_jpg.rf.ea30968b948d2a038dda6f323bdddcfa.jpg,640,640,mobil,182,162,207,197
jl-juanda_20260505_141707_jpg.rf.ea30968b948d2a038dda6f323bdddcfa.jpg,640,640,mobil,206,168,232,205
jl-juanda_20260505_141707_jpg.rf.ea30968b948d2a038dda6f323bdddcfa.jpg,640,640,mobil,224,151,249,192
jl-juanda_20260505_141707_jpg.rf.ea30968b948d2a038dda6f323bdddcfa.jpg,640,640,mobil,204,136,224,169
jl-juanda_20260505_141707_jpg.rf.ea30968b948d2a038dda6f323bdddcfa.jpg,640,640,mobil,192,126,207,156
jl-juanda_20260505_141707_jpg.rf.ea30968b948d2a038dda6f323bdddcfa.jpg,640,640,mobil,220,128,238,154
jl-juanda_20260505_141707_jpg.rf.ea30968b948d2a038dda6f323bdddcfa.jpg,640,640,mobil,208,110,223,137
jl-juanda_20260505_141707_jpg.rf.ea30968b948d2a038dda6f323bdddcfa.jpg,640,640,motor,182,99,193,122
jl-juanda_20260505_141707_jpg.rf.ea30968b948d2a038dda6f323bdddcfa.jpg,640,640,motor,187,107,199,129
jl-juanda_20260505_141707_jpg.rf.ea30968b948d2a038dda6f323bdddcfa.jpg,640,640,mobil,166,94,178,115
jl-juanda_20260505_141707_jpg.rf.ea30968b948d2a038dda6f323bdddcfa.jpg,640,640,motor,216,90,221,103
jl-juanda_20260505_141707_jpg.rf.ea30968b948d2a038dda6f323bdddcfa.jpg,640,640,mobil,196,93,206,109
jl-juanda_20260505_141707_jpg.rf.ea30968b948d2a038dda6f323bdddcfa.jpg,640,640,mobil,207,90,214,103
jl-juanda_20260505_141641_jpg.rf.c4d018b152ae54cb3be9f2ac706aab3e.jpg,640,640,mobil,244,327,308,450
jl-juanda_20260505_141641_jpg.rf.c4d018b152ae54cb3be9f2ac706aab3e.jpg,640,640,mobil,266,229,307,305
jl-juanda_20260505_141641_jpg.rf.c4d018b152ae54cb3be9f2ac706aab3e.jpg,640,640,mobil,244,196,273,246
jl-juanda_20260505_141641_jpg.rf.c4d018b152ae54cb3be9f2ac706aab3e.jpg,640,640,mobil,211,176,235,219
jl-juanda_20260505_141641_jpg.rf.c4d018b152ae54cb3be9f2ac706aab3e.jpg,640,640,mobil,233,137,254,174
jl-juanda_20260505_141641_jpg.rf.c4d018b152ae54cb3be9f2ac706aab3e.jpg,640,640,mobil,164,254,203,324
jl-juanda_20260505_141641_jpg.rf.c4d018b152ae54cb3be9f2ac706aab3e.jpg,640,640,mobil,163,210,193,262
jl-juanda_20260505_141641_jpg.rf.c4d018b152ae54cb3be9f2ac706aab3e.jpg,640,640,mobil,158,180,183,218
jl-juanda_20260505_141641_jpg.rf.c4d018b152ae54cb3be9f2ac706aab3e.jpg,640,640,mobil,156,163,178,188
jl-juanda_20260505_141641_jpg.rf.c4d018b152ae54cb3be9f2ac706aab3e.jpg,640,640,mobil,154,137,170,168
jl-juanda_20260505_141641_jpg.rf.c4d018b152ae54cb3be9f2ac706aab3e.jpg,640,640,mobil,151,123,164,140
jl-juanda_20260505_141641_jpg.rf.c4d018b152ae54cb3be9f2ac706aab3e.jpg,640,640,mobil,178,104,190,126
jl-juanda_20260505_141641_jpg.rf.c4d018b152ae54cb3be9f2ac706aab3e.jpg,640,640,mobil,172,98,182,115
jl-juanda_20260505_141641_jpg.rf.c4d018b152ae54cb3be9f2ac706aab3e.jpg,640,640,mobil,184,162,205,205
jl-juanda_20260505_141641_jpg.rf.c4d018b152ae54cb3be9f2ac706aab3e.jpg,640,640,mobil,196,88,209,109
jl-juanda_20260505_141641_jpg.rf.c4d018b152ae54cb3be9f2ac706aab3e.jpg,640,640,motor,418,525,455,630
jl-juanda_20260505_141641_jpg.rf.c4d018b152ae54cb3be9f2ac706aab3e.jpg,640,640,motor,263,172,276,207
jl-juanda_20260505_141641_jpg.rf.c4d018b152ae54cb3be9f2ac706aab3e.jpg,640,640,motor,174,139,186,169
jl-juanda_20260505_141641_jpg.rf.c4d018b152ae54cb3be9f2ac706aab3e.jpg,640,640,motor,202,100,210,120
jl-juanda_20260505_141641_jpg.rf.c4d018b152ae54cb3be9f2ac706aab3e.jpg,640,640,motor,214,91,222,104
jl-juanda_20260505_175159_jpg.rf.0511989fcc14edceb8298353bc8ec883.jpg,640,640,motor,329,320,359,404
jl-juanda_20260505_175159_jpg.rf.0511989fcc14edceb8298353bc8ec883.jpg,640,640,motor,323,450,360,558
jl-juanda_20260505_175159_jpg.rf.0511989fcc14edceb8298353bc8ec883.jpg,640,640,mobil,222,196,248,251
jl-juanda_20260505_175159_jpg.rf.0511989fcc14edceb8298353bc8ec883.jpg,640,640,mobil,260,192,291,236
jl-juanda_20260505_175159_jpg.rf.0511989fcc14edceb8298353bc8ec883.jpg,640,640,motor,312,218,334,272
jl-juanda_20260505_175159_jpg.rf.0511989fcc14edceb8298353bc8ec883.jpg,640,640,mobil,155,164,176,204
jl-juanda_20260505_175159_jpg.rf.0511989fcc14edceb8298353bc8ec883.jpg,640,640,mobil,184,157,210,196
jl-juanda_20260505_175159_jpg.rf.0511989fcc14edceb8298353bc8ec883.jpg,640,640,mobil,193,125,213,155
jl-juanda_20260505_175159_jpg.rf.0511989fcc14edceb8298353bc8ec883.jpg,640,640,motor,157,125,170,150
jl-juanda_20260505_175159_jpg.rf.0511989fcc14edceb8298353bc8ec883.jpg,640,640,mobil,173,131,188,156
jl-juanda_20260505_175159_jpg.rf.0511989fcc14edceb8298353bc8ec883.jpg,640,640,motor,148,138,159,164
jl-juanda_20260505_175159_jpg.rf.0511989fcc14edceb8298353bc8ec883.jpg,640,640,mobil,182,109,198,133
jl-juanda_20260505_175159_jpg.rf.0511989fcc14edceb8298353bc8ec883.jpg,640,640,mobil,183,95,197,110
depan-kantor-pos_20260505_142005_jpg.rf.a9f8fb0473193a24fbf984d65590d91f.jpg,640,640,besar,70,302,189,464
depan-kantor-pos_20260505_142005_jpg.rf.a9f8fb0473193a24fbf984d65590d91f.jpg,640,640,mobil,119,475,254,640
depan-kantor-pos_20260505_142005_jpg.rf.a9f8fb0473193a24fbf984d65590d91f.jpg,640,640,motor,238,252,255,310
depan-kantor-pos_20260505_142005_jpg.rf.a9f8fb0473193a24fbf984d65590d91f.jpg,640,640,mobil,250,263,299,347
depan-kantor-pos_20260505_142005_jpg.rf.a9f8fb0473193a24fbf984d65590d91f.jpg,640,640,mobil,300,283,352,378
depan-kantor-pos_20260505_142005_jpg.rf.a9f8fb0473193a24fbf984d65590d91f.jpg,640,640,motor,299,248,314,288
depan-kantor-pos_20260505_142005_jpg.rf.a9f8fb0473193a24fbf984d65590d91f.jpg,640,640,motor,253,232,264,268
depan-kantor-pos_20260505_142005_jpg.rf.a9f8fb0473193a24fbf984d65590d91f.jpg,640,640,mobil,292,194,327,245
depan-kantor-pos_20260505_142005_jpg.rf.a9f8fb0473193a24fbf984d65590d91f.jpg,640,640,motor,319,180,330,202
depan-kantor-pos_20260505_142005_jpg.rf.a9f8fb0473193a24fbf984d65590d91f.jpg,640,640,mobil,332,205,362,246
depan-kantor-pos_20260505_142005_jpg.rf.a9f8fb0473193a24fbf984d65590d91f.jpg,640,640,mobil,346,225,372,287
depan-kantor-pos_20260505_142005_jpg.rf.a9f8fb0473193a24fbf984d65590d91f.jpg,640,640,besar,367,141,396,189
depan-kantor-pos_20260505_142005_jpg.rf.a9f8fb0473193a24fbf984d65590d91f.jpg,640,640,mobil,375,181,397,222
depan-kantor-pos_20260505_142005_jpg.rf.a9f8fb0473193a24fbf984d65590d91f.jpg,640,640,motor,408,168,416,197
depan-kantor-pos_20260505_142005_jpg.rf.a9f8fb0473193a24fbf984d65590d91f.jpg,640,640,motor,397,173,406,197
depan-kantor-pos_20260505_142005_jpg.rf.a9f8fb0473193a24fbf984d65590d91f.jpg,640,640,motor,401,156,409,174
depan-kantor-pos_20260505_142005_jpg.rf.a9f8fb0473193a24fbf984d65590d91f.jpg,640,640,mobil,349,150,368,182
depan-kantor-pos_20260505_142005_jpg.rf.a9f8fb0473193a24fbf984d65590d91f.jpg,640,640,mobil,402,195,429,241
depan-kantor-pos_20260505_142005_jpg.rf.a9f8fb0473193a24fbf984d65590d91f.jpg,640,640,mobil,406,136,419,156
depan-kantor-pos_20260505_142005_jpg.rf.a9f8fb0473193a24fbf984d65590d91f.jpg,640,640,motor,423,137,433,159
depan-kantor-pos_20260505_142005_jpg.rf.a9f8fb0473193a24fbf984d65590d91f.jpg,640,640,besar,394,110,407,144
depan-kantor-pos_20260505_142005_jpg.rf.a9f8fb0473193a24fbf984d65590d91f.jpg,640,640,mobil,413,116,424,139
depan-kantor-pos_20260505_142005_jpg.rf.a9f8fb0473193a24fbf984d65590d91f.jpg,640,640,mobil,421,113,429,131
depan-kantor-pos_20260505_142005_jpg.rf.a9f8fb0473193a24fbf984d65590d91f.jpg,640,640,mobil,435,127,448,154
depan-kantor-pos_20260505_142005_jpg.rf.a9f8fb0473193a24fbf984d65590d91f.jpg,640,640,mobil,451,118,458,137
jl-pajajaran_20260505_175118_jpg.rf.fcb977a9615c480d22efb6f5e4ccd206.jpg,640,640,motor,420,173,436,230
jl-pajajaran_20260505_175118_jpg.rf.fcb977a9615c480d22efb6f5e4ccd206.jpg,640,640,motor,449,137,462,179
jl-pajajaran_20260505_175118_jpg.rf.fcb977a9615c480d22efb6f5e4ccd206.jpg,640,640,mobil,412,110,440,159
jl-pajajaran_20260505_175118_jpg.rf.fcb977a9615c480d22efb6f5e4ccd206.jpg,640,640,motor,388,131,402,175
jl-pajajaran_20260505_175118_jpg.rf.fcb977a9615c480d22efb6f5e4ccd206.jpg,640,640,mobil,52,295,131,408
jl-pajajaran_20260505_175118_jpg.rf.fcb977a9615c480d22efb6f5e4ccd206.jpg,640,640,motor,82,347,114,427
jl-pajajaran_20260505_175118_jpg.rf.fcb977a9615c480d22efb6f5e4ccd206.jpg,640,640,motor,115,321,162,411
jl-pajajaran_20260505_175118_jpg.rf.fcb977a9615c480d22efb6f5e4ccd206.jpg,640,640,motor,147,260,177,342
jl-pajajaran_20260505_175118_jpg.rf.fcb977a9615c480d22efb6f5e4ccd206.jpg,640,640,motor,244,203,270,275
jl-pajajaran_20260505_175118_jpg.rf.fcb977a9615c480d22efb6f5e4ccd206.jpg,640,640,motor,189,246,218,314
jl-pajajaran_20260505_175118_jpg.rf.fcb977a9615c480d22efb6f5e4ccd206.jpg,640,640,motor,203,266,228,335
jl-pajajaran_20260505_175118_jpg.rf.fcb977a9615c480d22efb6f5e4ccd206.jpg,640,640,mobil,208,169,261,229
jl-pajajaran_20260505_175118_jpg.rf.fcb977a9615c480d22efb6f5e4ccd206.jpg,640,640,mobil,290,117,326,166
jl-pajajaran_20260505_175118_jpg.rf.fcb977a9615c480d22efb6f5e4ccd206.jpg,640,640,mobil,0,455,47,593
jl-pajajaran_20260505_175118_jpg.rf.fcb977a9615c480d22efb6f5e4ccd206.jpg,640,640,mobil,461,95,482,132
jl-pajajaran_20260505_175118_jpg.rf.fcb977a9615c480d22efb6f5e4ccd206.jpg,640,640,motor,460,121,471,156
jl-pajajaran_20260505_175118_jpg.rf.fcb977a9615c480d22efb6f5e4ccd206.jpg,640,640,mobil,394,78,411,112
jl-pajajaran_20260505_175118_jpg.rf.fcb977a9615c480d22efb6f5e4ccd206.jpg,640,640,mobil,285,143,333,213
depan-kantor-pos_20260505_175345_jpg.rf.0bfc39a90495a96e3129d5fa100efee3.jpg,640,640,mobil,4,364,127,540
depan-kantor-pos_20260505_175345_jpg.rf.0bfc39a90495a96e3129d5fa100efee3.jpg,640,640,motor,152,363,189,465
depan-kantor-pos_20260505_175345_jpg.rf.0bfc39a90495a96e3129d5fa100efee3.jpg,640,640,motor,197,314,227,388
depan-kantor-pos_20260505_175345_jpg.rf.0bfc39a90495a96e3129d5fa100efee3.jpg,640,640,motor,239,254,260,327
depan-kantor-pos_20260505_175345_jpg.rf.0bfc39a90495a96e3129d5fa100efee3.jpg,640,640,mobil,240,217,281,287
depan-kantor-pos_20260505_175345_jpg.rf.0bfc39a90495a96e3129d5fa100efee3.jpg,640,640,mobil,280,252,327,344
depan-kantor-pos_20260505_175345_jpg.rf.0bfc39a90495a96e3129d5fa100efee3.jpg,640,640,motor,283,228,297,277
depan-kantor-pos_20260505_175345_jpg.rf.0bfc39a90495a96e3129d5fa100efee3.jpg,640,640,motor,309,209,318,249
depan-kantor-pos_20260505_175345_jpg.rf.0bfc39a90495a96e3129d5fa100efee3.jpg,640,640,motor,329,214,344,252
depan-kantor-pos_20260505_175345_jpg.rf.0bfc39a90495a96e3129d5fa100efee3.jpg,640,640,motor,317,192,328,228
depan-kantor-pos_20260505_175345_jpg.rf.0bfc39a90495a96e3129d5fa100efee3.jpg,640,640,mobil,334,161,355,193
depan-kantor-pos_20260505_175345_jpg.rf.0bfc39a90495a96e3129d5fa100efee3.jpg,640,640,mobil,406,167,431,205
depan-kantor-pos_20260505_175345_jpg.rf.0bfc39a90495a96e3129d5fa100efee3.jpg,640,640,motor,390,460,414,561
depan-kantor-pos_20260505_175345_jpg.rf.0bfc39a90495a96e3129d5fa100efee3.jpg,640,640,mobil,361,132,380,166
jl-pajajaran_20260505_141511_jpg.rf.7d71995d3a1335be464a14ffd1d3cb2c.jpg,640,640,mobil,73,273,148,396
jl-pajajaran_20260505_141511_jpg.rf.7d71995d3a1335be464a14ffd1d3cb2c.jpg,640,640,motor,150,270,185,344
jl-pajajaran_20260505_141511_jpg.rf.7d71995d3a1335be464a14ffd1d3cb2c.jpg,640,640,motor,214,224,250,289
jl-pajajaran_20260505_141511_jpg.rf.7d71995d3a1335be464a14ffd1d3cb2c.jpg,640,640,mobil,267,238,346,371
jl-pajajaran_20260505_141511_jpg.rf.7d71995d3a1335be464a14ffd1d3cb2c.jpg,640,640,mobil,354,144,403,213
jl-pajajaran_20260505_141511_jpg.rf.7d71995d3a1335be464a14ffd1d3cb2c.jpg,640,640,motor,336,286,370,386
jl-pajajaran_20260505_141511_jpg.rf.7d71995d3a1335be464a14ffd1d3cb2c.jpg,640,640,mobil,381,292,453,496
jl-pajajaran_20260505_141511_jpg.rf.7d71995d3a1335be464a14ffd1d3cb2c.jpg,640,640,besar,317,85,358,162
jl-pajajaran_20260505_141511_jpg.rf.7d71995d3a1335be464a14ffd1d3cb2c.jpg,640,640,mobil,450,83,469,111
jl-pajajaran_20260505_141522_jpg.rf.bbfe16430cbbc5eddbf8793a852d8801.jpg,640,640,mobil,41,546,151,640
jl-pajajaran_20260505_141522_jpg.rf.bbfe16430cbbc5eddbf8793a852d8801.jpg,640,640,mobil,197,299,308,481
jl-pajajaran_20260505_141522_jpg.rf.bbfe16430cbbc5eddbf8793a852d8801.jpg,640,640,motor,358,212,384,297
jl-pajajaran_20260505_141522_jpg.rf.bbfe16430cbbc5eddbf8793a852d8801.jpg,640,640,motor,343,182,365,249
jl-pajajaran_20260505_141522_jpg.rf.bbfe16430cbbc5eddbf8793a852d8801.jpg,640,640,mobil,410,124,442,176
jl-pajajaran_20260505_141522_jpg.rf.bbfe16430cbbc5eddbf8793a852d8801.jpg,640,640,mobil,469,100,489,138
jl-pajajaran_20260505_141522_jpg.rf.bbfe16430cbbc5eddbf8793a852d8801.jpg,640,640,mobil,475,74,487,97
jl-pajajaran_20260505_141522_jpg.rf.bbfe16430cbbc5eddbf8793a852d8801.jpg,640,640,mobil,264,131,307,183
jl-pajajaran_20260505_141522_jpg.rf.bbfe16430cbbc5eddbf8793a852d8801.jpg,640,640,mobil,335,110,367,147
jl-pajajaran_20260505_141522_jpg.rf.bbfe16430cbbc5eddbf8793a852d8801.jpg,640,640,mobil,375,86,394,121
jl-pajajaran_20260505_141522_jpg.rf.bbfe16430cbbc5eddbf8793a852d8801.jpg,640,640,mobil,377,69,387,89
jl-pajajaran_20260505_141522_jpg.rf.bbfe16430cbbc5eddbf8793a852d8801.jpg,640,640,mobil,344,81,355,103
jl-pajajaran_20260505_141522_jpg.rf.bbfe16430cbbc5eddbf8793a852d8801.jpg,640,640,mobil,360,73,368,93
jl-pajajaran_20260505_141522_jpg.rf.bbfe16430cbbc5eddbf8793a852d8801.jpg,640,640,motor,391,67,398,86
jl-pajajaran_20260505_175120_jpg.rf.ea08c19c31b6d1c3d83b311df99868ca.jpg,640,640,mobil,65,270,148,392
jl-pajajaran_20260505_175120_jpg.rf.ea08c19c31b6d1c3d83b311df99868ca.jpg,640,640,mobil,163,217,252,352
jl-pajajaran_20260505_175120_jpg.rf.ea08c19c31b6d1c3d83b311df99868ca.jpg,640,640,mobil,208,160,266,230
jl-pajajaran_20260505_175120_jpg.rf.ea08c19c31b6d1c3d83b311df99868ca.jpg,640,640,motor,50,441,95,545
jl-pajajaran_20260505_175120_jpg.rf.ea08c19c31b6d1c3d83b311df99868ca.jpg,640,640,motor,11,456,49,542
jl-pajajaran_20260505_175120_jpg.rf.ea08c19c31b6d1c3d83b311df99868ca.jpg,640,640,mobil,277,151,327,211
jl-pajajaran_20260505_175120_jpg.rf.ea08c19c31b6d1c3d83b311df99868ca.jpg,640,640,motor,415,206,435,280
jl-pajajaran_20260505_175120_jpg.rf.ea08c19c31b6d1c3d83b311df99868ca.jpg,640,640,motor,409,133,419,181
jl-pajajaran_20260505_175120_jpg.rf.ea08c19c31b6d1c3d83b311df99868ca.jpg,640,640,mobil,342,166,395,252
jl-pajajaran_20260505_175120_jpg.rf.ea08c19c31b6d1c3d83b311df99868ca.jpg,640,640,mobil,428,108,463,165
jl-pajajaran_20260505_175120_jpg.rf.ea08c19c31b6d1c3d83b311df99868ca.jpg,640,640,mobil,395,78,412,114
jl-pajajaran_20260505_175120_jpg.rf.ea08c19c31b6d1c3d83b311df99868ca.jpg,640,640,motor,280,116,293,159
jl-pajajaran_20260505_175120_jpg.rf.ea08c19c31b6d1c3d83b311df99868ca.jpg,640,640,motor,292,106,304,137
jl-pajajaran_20260505_175120_jpg.rf.ea08c19c31b6d1c3d83b311df99868ca.jpg,640,640,mobil,327,114,357,157
jl-pajajaran_20260505_175120_jpg.rf.ea08c19c31b6d1c3d83b311df99868ca.jpg,640,640,motor,139,411,193,506
jl-pajajaran_20260505_175120_jpg.rf.ea08c19c31b6d1c3d83b311df99868ca.jpg,640,640,motor,305,346,351,470
jl-juanda_20260505_175156_jpg.rf.d42d8e1b8915decf8116a27322b0bf9a.jpg,640,640,mobil,325,354,404,460
jl-juanda_20260505_175156_jpg.rf.d42d8e1b8915decf8116a27322b0bf9a.jpg,640,640,mobil,454,452,556,598
jl-juanda_20260505_175156_jpg.rf.d42d8e1b8915decf8116a27322b0bf9a.jpg,640,640,mobil,215,227,260,304
jl-juanda_20260505_175156_jpg.rf.d42d8e1b8915decf8116a27322b0bf9a.jpg,640,640,motor,277,282,303,342
jl-juanda_20260505_175156_jpg.rf.d42d8e1b8915decf8116a27322b0bf9a.jpg,640,640,motor,350,253,374,307
jl-juanda_20260505_175156_jpg.rf.d42d8e1b8915decf8116a27322b0bf9a.jpg,640,640,motor,307,214,326,262
jl-juanda_20260505_175156_jpg.rf.d42d8e1b8915decf8116a27322b0bf9a.jpg,640,640,motor,282,183,297,221
jl-juanda_20260505_175156_jpg.rf.d42d8e1b8915decf8116a27322b0bf9a.jpg,640,640,motor,195,198,211,242
jl-juanda_20260505_175156_jpg.rf.d42d8e1b8915decf8116a27322b0bf9a.jpg,640,640,mobil,151,158,179,208
jl-juanda_20260505_175156_jpg.rf.d42d8e1b8915decf8116a27322b0bf9a.jpg,640,640,mobil,188,139,214,173
jl-juanda_20260505_175156_jpg.rf.d42d8e1b8915decf8116a27322b0bf9a.jpg,640,640,mobil,188,166,213,200
jl-juanda_20260505_175156_jpg.rf.d42d8e1b8915decf8116a27322b0bf9a.jpg,640,640,mobil,158,113,173,139
jl-juanda_20260505_175156_jpg.rf.d42d8e1b8915decf8116a27322b0bf9a.jpg,640,640,mobil,182,112,199,137
jl-juanda_20260505_175156_jpg.rf.d42d8e1b8915decf8116a27322b0bf9a.jpg,640,640,motor,220,133,232,156
jl-juanda_20260505_175156_jpg.rf.d42d8e1b8915decf8116a27322b0bf9a.jpg,640,640,motor,244,144,261,179
jl-juanda_20260505_175156_jpg.rf.d42d8e1b8915decf8116a27322b0bf9a.jpg,640,640,mobil,187,96,197,112
jl-juanda_20260505_175156_jpg.rf.d42d8e1b8915decf8116a27322b0bf9a.jpg,640,640,mobil,222,174,252,220
depan-balaikota_20260505_175303_jpg.rf.6a3c9a2c92a27f71263ec713f04821d9.jpg,640,640,motor,241,357,269,443
depan-balaikota_20260505_175303_jpg.rf.6a3c9a2c92a27f71263ec713f04821d9.jpg,640,640,motor,125,302,146,360
depan-balaikota_20260505_175303_jpg.rf.6a3c9a2c92a27f71263ec713f04821d9.jpg,640,640,motor,145,311,160,354
depan-balaikota_20260505_175303_jpg.rf.6a3c9a2c92a27f71263ec713f04821d9.jpg,640,640,motor,159,276,173,317
depan-balaikota_20260505_175303_jpg.rf.6a3c9a2c92a27f71263ec713f04821d9.jpg,640,640,motor,179,266,194,305
depan-balaikota_20260505_175303_jpg.rf.6a3c9a2c92a27f71263ec713f04821d9.jpg,640,640,motor,203,258,218,305
depan-balaikota_20260505_175303_jpg.rf.6a3c9a2c92a27f71263ec713f04821d9.jpg,640,640,motor,215,241,230,289
depan-balaikota_20260505_175303_jpg.rf.6a3c9a2c92a27f71263ec713f04821d9.jpg,640,640,motor,237,256,250,301
depan-balaikota_20260505_175303_jpg.rf.6a3c9a2c92a27f71263ec713f04821d9.jpg,640,640,mobil,37,345,115,433
depan-balaikota_20260505_175303_jpg.rf.6a3c9a2c92a27f71263ec713f04821d9.jpg,640,640,mobil,154,311,211,385
depan-balaikota_20260505_175303_jpg.rf.6a3c9a2c92a27f71263ec713f04821d9.jpg,640,640,mobil,293,371,351,505
depan-balaikota_20260505_175303_jpg.rf.6a3c9a2c92a27f71263ec713f04821d9.jpg,640,640,mobil,315,297,352,363
jl-pajajaran_20260505_175106_jpg.rf.e047db355e1b4fd2bb1df12aa7b822e8.jpg,640,640,mobil,181,298,296,478
jl-pajajaran_20260505_175106_jpg.rf.e047db355e1b4fd2bb1df12aa7b822e8.jpg,640,640,mobil,308,214,382,378
jl-pajajaran_20260505_175106_jpg.rf.e047db355e1b4fd2bb1df12aa7b822e8.jpg,640,640,mobil,356,157,404,235
jl-pajajaran_20260505_175106_jpg.rf.e047db355e1b4fd2bb1df12aa7b822e8.jpg,640,640,motor,380,281,404,371
jl-pajajaran_20260505_175106_jpg.rf.e047db355e1b4fd2bb1df12aa7b822e8.jpg,640,640,mobil,15,393,99,563
jl-pajajaran_20260505_175106_jpg.rf.e047db355e1b4fd2bb1df12aa7b822e8.jpg,640,640,motor,85,419,123,535
jl-pajajaran_20260505_175106_jpg.rf.e047db355e1b4fd2bb1df12aa7b822e8.jpg,640,640,motor,125,326,160,422
jl-pajajaran_20260505_175106_jpg.rf.e047db355e1b4fd2bb1df12aa7b822e8.jpg,640,640,motor,127,254,160,330
jl-pajajaran_20260505_175106_jpg.rf.e047db355e1b4fd2bb1df12aa7b822e8.jpg,640,640,motor,56,328,104,392
jl-pajajaran_20260505_175106_jpg.rf.e047db355e1b4fd2bb1df12aa7b822e8.jpg,640,640,mobil,182,210,253,301
jl-pajajaran_20260505_175106_jpg.rf.e047db355e1b4fd2bb1df12aa7b822e8.jpg,640,640,mobil,252,152,312,222
jl-pajajaran_20260505_175106_jpg.rf.e047db355e1b4fd2bb1df12aa7b822e8.jpg,640,640,motor,228,226,262,295
jl-pajajaran_20260505_175106_jpg.rf.e047db355e1b4fd2bb1df12aa7b822e8.jpg,640,640,mobil,207,164,256,223
jl-pajajaran_20260505_175106_jpg.rf.e047db355e1b4fd2bb1df12aa7b822e8.jpg,640,640,mobil,321,105,344,144
jl-pajajaran_20260505_175106_jpg.rf.e047db355e1b4fd2bb1df12aa7b822e8.jpg,640,640,motor,340,124,352,161
jl-pajajaran_20260505_175106_jpg.rf.e047db355e1b4fd2bb1df12aa7b822e8.jpg,640,640,motor,469,89,478,122
jl-juanda_20260505_175202_jpg.rf.cf59b9a0384993bcd4ead24670451418.jpg,640,640,mobil,375,311,454,410
jl-juanda_20260505_175202_jpg.rf.cf59b9a0384993bcd4ead24670451418.jpg,640,640,motor,368,373,405,454
jl-juanda_20260505_175202_jpg.rf.cf59b9a0384993bcd4ead24670451418.jpg,640,640,mobil,277,261,326,337
jl-juanda_20260505_175202_jpg.rf.cf59b9a0384993bcd4ead24670451418.jpg,640,640,motor,235,250,252,308
jl-juanda_20260505_175202_jpg.rf.cf59b9a0384993bcd4ead24670451418.jpg,640,640,motor,239,224,254,269
jl-juanda_20260505_175202_jpg.rf.cf59b9a0384993bcd4ead24670451418.jpg,640,640,motor,212,212,227,256
jl-juanda_20260505_175202_jpg.rf.cf59b9a0384993bcd4ead24670451418.jpg,640,640,motor,233,172,248,206
jl-juanda_20260505_175202_jpg.rf.cf59b9a0384993bcd4ead24670451418.jpg,640,640,motor,235,144,250,174
jl-juanda_20260505_175202_jpg.rf.cf59b9a0384993bcd4ead24670451418.jpg,640,640,mobil,189,147,214,185
jl-juanda_20260505_175202_jpg.rf.cf59b9a0384993bcd4ead24670451418.jpg,640,640,mobil,218,134,232,162
jl-juanda_20260505_175202_jpg.rf.cf59b9a0384993bcd4ead24670451418.jpg,640,640,motor,212,135,222,167
jl-juanda_20260505_175202_jpg.rf.cf59b9a0384993bcd4ead24670451418.jpg,640,640,mobil,154,165,177,206
jl-juanda_20260505_175202_jpg.rf.cf59b9a0384993bcd4ead24670451418.jpg,640,640,mobil,172,129,188,160
jl-juanda_20260505_175202_jpg.rf.cf59b9a0384993bcd4ead24670451418.jpg,640,640,mobil,186,101,198,128
jl-juanda_20260505_175202_jpg.rf.cf59b9a0384993bcd4ead24670451418.jpg,640,640,motor,203,102,210,124
jl-juanda_20260505_175202_jpg.rf.cf59b9a0384993bcd4ead24670451418.jpg,640,640,motor,207,117,213,139
jl-juanda_20260505_175202_jpg.rf.cf59b9a0384993bcd4ead24670451418.jpg,640,640,mobil,208,88,215,99
jl-juanda_20260505_175202_jpg.rf.cf59b9a0384993bcd4ead24670451418.jpg,640,640,mobil,165,102,182,129
depan-kantor-pos_20260505_141956_jpg.rf.8915f6905fb993fe0783290b38479066.jpg,640,640,mobil,0,411,90,593
depan-kantor-pos_20260505_141956_jpg.rf.8915f6905fb993fe0783290b38479066.jpg,640,640,mobil,123,366,214,506
depan-kantor-pos_20260505_141956_jpg.rf.8915f6905fb993fe0783290b38479066.jpg,640,640,mobil,221,366,290,523
depan-kantor-pos_20260505_141956_jpg.rf.8915f6905fb993fe0783290b38479066.jpg,640,640,motor,237,260,258,328
depan-kantor-pos_20260505_141956_jpg.rf.8915f6905fb993fe0783290b38479066.jpg,640,640,motor,261,276,281,343
depan-kantor-pos_20260505_141956_jpg.rf.8915f6905fb993fe0783290b38479066.jpg,640,640,motor,300,231,311,277
depan-kantor-pos_20260505_141956_jpg.rf.8915f6905fb993fe0783290b38479066.jpg,640,640,motor,321,194,335,235
depan-kantor-pos_20260505_141956_jpg.rf.8915f6905fb993fe0783290b38479066.jpg,640,640,mobil,264,207,298,272
depan-kantor-pos_20260505_141956_jpg.rf.8915f6905fb993fe0783290b38479066.jpg,640,640,mobil,341,217,369,276
depan-kantor-pos_20260505_141956_jpg.rf.8915f6905fb993fe0783290b38479066.jpg,640,640,mobil,344,188,368,218
depan-kantor-pos_20260505_141956_jpg.rf.8915f6905fb993fe0783290b38479066.jpg,640,640,mobil,329,160,351,196
depan-kantor-pos_20260505_141956_jpg.rf.8915f6905fb993fe0783290b38479066.jpg,640,640,besar,362,134,385,165
depan-kantor-pos_20260505_141956_jpg.rf.8915f6905fb993fe0783290b38479066.jpg,640,640,mobil,363,158,388,196
depan-kantor-pos_20260505_141956_jpg.rf.8915f6905fb993fe0783290b38479066.jpg,640,640,mobil,379,184,406,228
depan-kantor-pos_20260505_141956_jpg.rf.8915f6905fb993fe0783290b38479066.jpg,640,640,mobil,385,252,413,293
depan-kantor-pos_20260505_141956_jpg.rf.8915f6905fb993fe0783290b38479066.jpg,640,640,mobil,407,193,426,236
depan-kantor-pos_20260505_141956_jpg.rf.8915f6905fb993fe0783290b38479066.jpg,640,640,mobil,400,150,418,188
depan-kantor-pos_20260505_141956_jpg.rf.8915f6905fb993fe0783290b38479066.jpg,640,640,mobil,400,131,414,154
depan-kantor-pos_20260505_141956_jpg.rf.8915f6905fb993fe0783290b38479066.jpg,640,640,mobil,386,128,401,154
depan-kantor-pos_20260505_141956_jpg.rf.8915f6905fb993fe0783290b38479066.jpg,640,640,besar,421,115,436,139
depan-kantor-pos_20260505_141956_jpg.rf.8915f6905fb993fe0783290b38479066.jpg,640,640,mobil,417,143,426,172
depan-kantor-pos_20260505_141956_jpg.rf.8915f6905fb993fe0783290b38479066.jpg,640,640,mobil,419,133,432,151
depan-kantor-pos_20260505_141956_jpg.rf.8915f6905fb993fe0783290b38479066.jpg,640,640,mobil,413,126,420,138
jl-pajajaran_20260505_141529_jpg.rf.752d7c9cd5c282caa8f0c47910dfc6aa.jpg,640,640,mobil,189,287,309,487
jl-pajajaran_20260505_141529_jpg.rf.752d7c9cd5c282caa8f0c47910dfc6aa.jpg,640,640,mobil,243,143,295,209
jl-pajajaran_20260505_141529_jpg.rf.752d7c9cd5c282caa8f0c47910dfc6aa.jpg,640,640,motor,301,120,317,164
jl-pajajaran_20260505_141529_jpg.rf.752d7c9cd5c282caa8f0c47910dfc6aa.jpg,640,640,mobil,326,120,356,176
jl-pajajaran_20260505_141529_jpg.rf.752d7c9cd5c282caa8f0c47910dfc6aa.jpg,640,640,mobil,473,205,557,355
jl-pajajaran_20260505_141529_jpg.rf.752d7c9cd5c282caa8f0c47910dfc6aa.jpg,640,640,mobil,462,102,482,150
jl-pajajaran_20260505_141529_jpg.rf.752d7c9cd5c282caa8f0c47910dfc6aa.jpg,640,640,mobil,422,91,445,131
jl-pajajaran_20260505_141529_jpg.rf.752d7c9cd5c282caa8f0c47910dfc6aa.jpg,640,640,motor,426,81,435,99
jl-pajajaran_20260505_141529_jpg.rf.752d7c9cd5c282caa8f0c47910dfc6aa.jpg,640,640,mobil,354,90,373,121
jl-pajajaran_20260505_141529_jpg.rf.752d7c9cd5c282caa8f0c47910dfc6aa.jpg,640,640,motor,375,95,381,120
jl-pajajaran_20260505_141529_jpg.rf.752d7c9cd5c282caa8f0c47910dfc6aa.jpg,640,640,motor,388,83,394,106
jl-pajajaran_20260505_141529_jpg.rf.752d7c9cd5c282caa8f0c47910dfc6aa.jpg,640,640,motor,397,81,405,104
jl-pajajaran_20260505_141529_jpg.rf.752d7c9cd5c282caa8f0c47910dfc6aa.jpg,640,640,mobil,304,94,336,125
jl-pajajaran_20260505_141529_jpg.rf.752d7c9cd5c282caa8f0c47910dfc6aa.jpg,640,640,mobil,354,74,366,89
jl-pajajaran_20260505_141529_jpg.rf.752d7c9cd5c282caa8f0c47910dfc6aa.jpg,640,640,mobil,372,68,382,87
tugu-kujang_20260505_141221_jpg.rf.d035ede2cdc15264d084bd81248abd37.jpg,640,640,motor,232,361,248,415
tugu-kujang_20260505_141221_jpg.rf.d035ede2cdc15264d084bd81248abd37.jpg,640,640,mobil,292,378,350,460
tugu-kujang_20260505_141221_jpg.rf.d035ede2cdc15264d084bd81248abd37.jpg,640,640,motor,247,320,264,365
tugu-kujang_20260505_141221_jpg.rf.d035ede2cdc15264d084bd81248abd37.jpg,640,640,mobil,258,297,290,342
tugu-kujang_20260505_141221_jpg.rf.d035ede2cdc15264d084bd81248abd37.jpg,640,640,motor,227,277,240,315
tugu-kujang_20260505_141221_jpg.rf.d035ede2cdc15264d084bd81248abd37.jpg,640,640,motor,233,258,248,287
tugu-kujang_20260505_141221_jpg.rf.d035ede2cdc15264d084bd81248abd37.jpg,640,640,motor,181,268,194,305
tugu-kujang_20260505_141221_jpg.rf.d035ede2cdc15264d084bd81248abd37.jpg,640,640,mobil,183,229,203,264
tugu-kujang_20260505_141221_jpg.rf.d035ede2cdc15264d084bd81248abd37.jpg,640,640,motor,204,214,214,241
tugu-kujang_20260505_141221_jpg.rf.d035ede2cdc15264d084bd81248abd37.jpg,640,640,mobil,189,196,203,218
tugu-kujang_20260505_141221_jpg.rf.d035ede2cdc15264d084bd81248abd37.jpg,640,640,mobil,225,191,240,217
tugu-kujang_20260505_141221_jpg.rf.d035ede2cdc15264d084bd81248abd37.jpg,640,640,mobil,251,202,267,228
tugu-kujang_20260505_141221_jpg.rf.d035ede2cdc15264d084bd81248abd37.jpg,640,640,mobil,312,241,342,280
tugu-kujang_20260505_141221_jpg.rf.d035ede2cdc15264d084bd81248abd37.jpg,640,640,mobil,377,266,412,316
tugu-kujang_20260505_141221_jpg.rf.d035ede2cdc15264d084bd81248abd37.jpg,640,640,mobil,483,289,531,336
tugu-kujang_20260505_141221_jpg.rf.d035ede2cdc15264d084bd81248abd37.jpg,640,640,mobil,266,194,282,218
tugu-kujang_20260505_141221_jpg.rf.d035ede2cdc15264d084bd81248abd37.jpg,640,640,mobil,238,179,252,202
depan-balaikota_20260505_141815_jpg.rf.bf6fb1d0247c954eb12c5bfd319a28de.jpg,640,640,motor,237,426,262,529
depan-balaikota_20260505_141815_jpg.rf.bf6fb1d0247c954eb12c5bfd319a28de.jpg,640,640,mobil,135,385,220,559
depan-balaikota_20260505_141815_jpg.rf.bf6fb1d0247c954eb12c5bfd319a28de.jpg,640,640,mobil,37,345,113,427
depan-balaikota_20260505_141815_jpg.rf.bf6fb1d0247c954eb12c5bfd319a28de.jpg,640,640,mobil,165,277,218,344
depan-balaikota_20260505_141815_jpg.rf.bf6fb1d0247c954eb12c5bfd319a28de.jpg,640,640,mobil,251,213,273,242
depan-balaikota_20260505_141815_jpg.rf.bf6fb1d0247c954eb12c5bfd319a28de.jpg,640,640,mobil,286,207,301,233
depan-balaikota_20260505_141815_jpg.rf.bf6fb1d0247c954eb12c5bfd319a28de.jpg,640,640,motor,239,276,252,323
depan-balaikota_20260505_141815_jpg.rf.bf6fb1d0247c954eb12c5bfd319a28de.jpg,640,640,motor,161,349,179,399
depan-balaikota_20260505_141815_jpg.rf.bf6fb1d0247c954eb12c5bfd319a28de.jpg,640,640,motor,269,254,280,289
depan-balaikota_20260505_141815_jpg.rf.bf6fb1d0247c954eb12c5bfd319a28de.jpg,640,640,motor,306,190,316,212
depan-balaikota_20260505_141815_jpg.rf.bf6fb1d0247c954eb12c5bfd319a28de.jpg,640,640,motor,289,186,299,202
depan-balaikota_20260505_141815_jpg.rf.bf6fb1d0247c954eb12c5bfd319a28de.jpg,640,640,motor,278,206,285,226
depan-balaikota_20260505_141815_jpg.rf.bf6fb1d0247c954eb12c5bfd319a28de.jpg,640,640,motor,319,281,350,345
depan-balaikota_20260505_141815_jpg.rf.bf6fb1d0247c954eb12c5bfd319a28de.jpg,640,640,motor,326,191,335,214
depan-balaikota_20260505_141815_jpg.rf.bf6fb1d0247c954eb12c5bfd319a28de.jpg,640,640,motor,321,188,325,205
jl-juanda_20260505_141700_jpg.rf.73a1a39251a3dd54950d89e4ecd5cf14.jpg,640,640,mobil,318,349,395,496
jl-juanda_20260505_141700_jpg.rf.73a1a39251a3dd54950d89e4ecd5cf14.jpg,640,640,mobil,377,289,446,394
jl-juanda_20260505_141700_jpg.rf.73a1a39251a3dd54950d89e4ecd5cf14.jpg,640,640,mobil,223,331,291,439
jl-juanda_20260505_141700_jpg.rf.73a1a39251a3dd54950d89e4ecd5cf14.jpg,640,640,mobil,222,253,266,329
jl-juanda_20260505_141700_jpg.rf.73a1a39251a3dd54950d89e4ecd5cf14.jpg,640,640,mobil,266,229,314,307
jl-juanda_20260505_141700_jpg.rf.73a1a39251a3dd54950d89e4ecd5cf14.jpg,640,640,mobil,283,193,322,251
jl-juanda_20260505_141700_jpg.rf.73a1a39251a3dd54950d89e4ecd5cf14.jpg,640,640,mobil,221,182,244,228
jl-juanda_20260505_141700_jpg.rf.73a1a39251a3dd54950d89e4ecd5cf14.jpg,640,640,mobil,163,257,203,323
jl-juanda_20260505_141700_jpg.rf.73a1a39251a3dd54950d89e4ecd5cf14.jpg,640,640,mobil,165,215,192,260
jl-juanda_20260505_141700_jpg.rf.73a1a39251a3dd54950d89e4ecd5cf14.jpg,640,640,mobil,157,180,181,220
jl-juanda_20260505_141700_jpg.rf.73a1a39251a3dd54950d89e4ecd5cf14.jpg,640,640,mobil,181,162,205,203
jl-juanda_20260505_141700_jpg.rf.73a1a39251a3dd54950d89e4ecd5cf14.jpg,640,640,mobil,157,157,176,186
jl-juanda_20260505_141700_jpg.rf.73a1a39251a3dd54950d89e4ecd5cf14.jpg,640,640,mobil,152,142,172,171
jl-juanda_20260505_141700_jpg.rf.73a1a39251a3dd54950d89e4ecd5cf14.jpg,640,640,mobil,151,122,166,142
jl-juanda_20260505_141700_jpg.rf.73a1a39251a3dd54950d89e4ecd5cf14.jpg,640,640,mobil,177,113,194,140
jl-juanda_20260505_141700_jpg.rf.73a1a39251a3dd54950d89e4ecd5cf14.jpg,640,640,mobil,193,121,210,148
jl-juanda_20260505_141700_jpg.rf.73a1a39251a3dd54950d89e4ecd5cf14.jpg,640,640,mobil,213,145,230,177
jl-juanda_20260505_141700_jpg.rf.73a1a39251a3dd54950d89e4ecd5cf14.jpg,640,640,motor,210,159,219,188
jl-juanda_20260505_141700_jpg.rf.73a1a39251a3dd54950d89e4ecd5cf14.jpg,640,640,motor,255,190,266,226
jl-juanda_20260505_141700_jpg.rf.73a1a39251a3dd54950d89e4ecd5cf14.jpg,640,640,motor,248,179,256,204
jl-juanda_20260505_141700_jpg.rf.73a1a39251a3dd54950d89e4ecd5cf14.jpg,640,640,motor,236,166,245,189
jl-juanda_20260505_141700_jpg.rf.73a1a39251a3dd54950d89e4ecd5cf14.jpg,640,640,motor,253,152,266,179
jl-juanda_20260505_141700_jpg.rf.73a1a39251a3dd54950d89e4ecd5cf14.jpg,640,640,mobil,239,131,253,165
jl-juanda_20260505_141700_jpg.rf.73a1a39251a3dd54950d89e4ecd5cf14.jpg,640,640,motor,220,121,229,142
jl-juanda_20260505_141700_jpg.rf.73a1a39251a3dd54950d89e4ecd5cf14.jpg,640,640,besar,201,96,215,123
jl-juanda_20260505_141700_jpg.rf.73a1a39251a3dd54950d89e4ecd5cf14.jpg,640,640,mobil,212,88,223,102
jl-juanda_20260505_141700_jpg.rf.73a1a39251a3dd54950d89e4ecd5cf14.jpg,640,640,mobil,167,96,176,116
jl-juanda_20260505_141700_jpg.rf.73a1a39251a3dd54950d89e4ecd5cf14.jpg,640,640,mobil,185,94,197,116
depan-balaikota_20260505_141825_jpg.rf.4222d69b76124781b4eb3283c5abc9dd.jpg,640,640,motor,249,318,267,387
depan-balaikota_20260505_141825_jpg.rf.4222d69b76124781b4eb3283c5abc9dd.jpg,640,640,mobil,159,368,239,510
depan-balaikota_20260505_141825_jpg.rf.4222d69b76124781b4eb3283c5abc9dd.jpg,640,640,mobil,37,339,115,437
depan-balaikota_20260505_141825_jpg.rf.4222d69b76124781b4eb3283c5abc9dd.jpg,640,640,mobil,130,328,188,422
depan-balaikota_20260505_141825_jpg.rf.4222d69b76124781b4eb3283c5abc9dd.jpg,640,640,mobil,180,252,217,306
depan-balaikota_20260505_141825_jpg.rf.4222d69b76124781b4eb3283c5abc9dd.jpg,640,640,mobil,238,248,266,297
depan-balaikota_20260505_141825_jpg.rf.4222d69b76124781b4eb3283c5abc9dd.jpg,640,640,mobil,294,236,315,290
depan-balaikota_20260505_141825_jpg.rf.4222d69b76124781b4eb3283c5abc9dd.jpg,640,640,mobil,286,220,303,262
depan-balaikota_20260505_141825_jpg.rf.4222d69b76124781b4eb3283c5abc9dd.jpg,640,640,motor,281,217,289,244
depan-balaikota_20260505_141825_jpg.rf.4222d69b76124781b4eb3283c5abc9dd.jpg,640,640,mobil,314,206,329,239
depan-balaikota_20260505_141825_jpg.rf.4222d69b76124781b4eb3283c5abc9dd.jpg,640,640,mobil,273,198,285,222
depan-balaikota_20260505_141825_jpg.rf.4222d69b76124781b4eb3283c5abc9dd.jpg,640,640,mobil,290,182,301,205
depan-balaikota_20260505_141825_jpg.rf.4222d69b76124781b4eb3283c5abc9dd.jpg,640,640,motor,219,239,228,277
depan-balaikota_20260505_141825_jpg.rf.4222d69b76124781b4eb3283c5abc9dd.jpg,640,640,motor,234,240,241,272
depan-balaikota_20260505_141825_jpg.rf.4222d69b76124781b4eb3283c5abc9dd.jpg,640,640,motor,289,205,298,220
depan-balaikota_20260505_141825_jpg.rf.4222d69b76124781b4eb3283c5abc9dd.jpg,640,640,mobil,301,175,308,192
depan-balaikota_20260505_141825_jpg.rf.4222d69b76124781b4eb3283c5abc9dd.jpg,640,640,mobil,311,171,316,185
depan-balaikota_20260505_141825_jpg.rf.4222d69b76124781b4eb3283c5abc9dd.jpg,640,640,mobil,292,163,299,175
depan-balaikota_20260505_141825_jpg.rf.4222d69b76124781b4eb3283c5abc9dd.jpg,640,640,mobil,297,169,305,182
depan-balaikota_20260505_141825_jpg.rf.4222d69b76124781b4eb3283c5abc9dd.jpg,640,640,mobil,311,195,325,221
depan-balaikota_20260505_141825_jpg.rf.4222d69b76124781b4eb3283c5abc9dd.jpg,640,640,mobil,327,185,337,207
depan-balaikota_20260505_141825_jpg.rf.4222d69b76124781b4eb3283c5abc9dd.jpg,640,640,mobil,319,180,327,193
depan-balaikota_20260505_141825_jpg.rf.4222d69b76124781b4eb3283c5abc9dd.jpg,640,640,mobil,339,177,346,200
depan-balaikota_20260505_141825_jpg.rf.4222d69b76124781b4eb3283c5abc9dd.jpg,640,640,mobil,321,284,356,343
depan-kantor-pos_20260505_175340_jpg.rf.1d028b6f434daeb00d7aacbbc735399b.jpg,640,640,motor,374,337,395,405
depan-kantor-pos_20260505_175340_jpg.rf.1d028b6f434daeb00d7aacbbc735399b.jpg,640,640,motor,217,421,250,512
depan-kantor-pos_20260505_175340_jpg.rf.1d028b6f434daeb00d7aacbbc735399b.jpg,640,640,motor,210,287,239,363
depan-kantor-pos_20260505_175340_jpg.rf.1d028b6f434daeb00d7aacbbc735399b.jpg,640,640,motor,295,291,315,356
depan-kantor-pos_20260505_175340_jpg.rf.1d028b6f434daeb00d7aacbbc735399b.jpg,640,640,motor,279,285,294,336
depan-kantor-pos_20260505_175340_jpg.rf.1d028b6f434daeb00d7aacbbc735399b.jpg,640,640,mobil,261,237,304,307
depan-kantor-pos_20260505_175340_jpg.rf.1d028b6f434daeb00d7aacbbc735399b.jpg,640,640,motor,344,248,360,309
depan-kantor-pos_20260505_175340_jpg.rf.1d028b6f434daeb00d7aacbbc735399b.jpg,640,640,motor,331,223,347,275
depan-kantor-pos_20260505_175340_jpg.rf.1d028b6f434daeb00d7aacbbc735399b.jpg,640,640,mobil,316,159,349,211
depan-kantor-pos_20260505_175340_jpg.rf.1d028b6f434daeb00d7aacbbc735399b.jpg,640,640,mobil,102,314,179,416
depan-kantor-pos_20260505_175340_jpg.rf.1d028b6f434daeb00d7aacbbc735399b.jpg,640,640,mobil,68,422,177,585
depan-kantor-pos_20260505_175340_jpg.rf.1d028b6f434daeb00d7aacbbc735399b.jpg,640,640,mobil,353,172,377,212
depan-kantor-pos_20260505_175340_jpg.rf.1d028b6f434daeb00d7aacbbc735399b.jpg,640,640,mobil,359,140,379,172
depan-kantor-pos_20260505_175340_jpg.rf.1d028b6f434daeb00d7aacbbc735399b.jpg,640,640,mobil,409,166,434,209
depan-kantor-pos_20260505_175340_jpg.rf.1d028b6f434daeb00d7aacbbc735399b.jpg,640,640,motor,387,473,418,550
depan-kantor-pos_20260505_141949_jpg.rf.65c4d0298468167084c0497319ac7ef7.jpg,640,640,motor,51,492,101,592
depan-kantor-pos_20260505_141949_jpg.rf.65c4d0298468167084c0497319ac7ef7.jpg,640,640,motor,138,542,178,639
depan-kantor-pos_20260505_141949_jpg.rf.65c4d0298468167084c0497319ac7ef7.jpg,640,640,mobil,250,410,324,561
depan-kantor-pos_20260505_141949_jpg.rf.65c4d0298468167084c0497319ac7ef7.jpg,640,640,mobil,255,317,308,408
depan-kantor-pos_20260505_141949_jpg.rf.65c4d0298468167084c0497319ac7ef7.jpg,640,640,mobil,247,260,296,330
depan-kantor-pos_20260505_141949_jpg.rf.65c4d0298468167084c0497319ac7ef7.jpg,640,640,mobil,273,193,306,259
depan-kantor-pos_20260505_141949_jpg.rf.65c4d0298468167084c0497319ac7ef7.jpg,640,640,mobil,311,211,344,272
depan-kantor-pos_20260505_141949_jpg.rf.65c4d0298468167084c0497319ac7ef7.jpg,640,640,mobil,365,189,386,236
depan-kantor-pos_20260505_141949_jpg.rf.65c4d0298468167084c0497319ac7ef7.jpg,640,640,mobil,402,214,425,248
depan-kantor-pos_20260505_141949_jpg.rf.65c4d0298468167084c0497319ac7ef7.jpg,640,640,mobil,408,195,428,215
depan-kantor-pos_20260505_141949_jpg.rf.65c4d0298468167084c0497319ac7ef7.jpg,640,640,mobil,385,165,401,197
depan-kantor-pos_20260505_141949_jpg.rf.65c4d0298468167084c0497319ac7ef7.jpg,640,640,mobil,412,164,431,201
depan-kantor-pos_20260505_141949_jpg.rf.65c4d0298468167084c0497319ac7ef7.jpg,640,640,mobil,351,144,369,178
depan-kantor-pos_20260505_141949_jpg.rf.65c4d0298468167084c0497319ac7ef7.jpg,640,640,mobil,372,138,383,163
depan-kantor-pos_20260505_141949_jpg.rf.65c4d0298468167084c0497319ac7ef7.jpg,640,640,mobil,383,149,397,170
depan-kantor-pos_20260505_141949_jpg.rf.65c4d0298468167084c0497319ac7ef7.jpg,640,640,mobil,401,158,412,179
depan-kantor-pos_20260505_141949_jpg.rf.65c4d0298468167084c0497319ac7ef7.jpg,640,640,mobil,411,145,421,166
depan-kantor-pos_20260505_141949_jpg.rf.65c4d0298468167084c0497319ac7ef7.jpg,640,640,motor,397,137,407,159
depan-kantor-pos_20260505_141949_jpg.rf.65c4d0298468167084c0497319ac7ef7.jpg,640,640,mobil,404,120,414,140
depan-kantor-pos_20260505_141949_jpg.rf.65c4d0298468167084c0497319ac7ef7.jpg,640,640,mobil,415,125,422,145
depan-kantor-pos_20260505_141949_jpg.rf.65c4d0298468167084c0497319ac7ef7.jpg,640,640,mobil,426,132,439,156
depan-kantor-pos_20260505_141949_jpg.rf.65c4d0298468167084c0497319ac7ef7.jpg,640,640,motor,301,286,320,339
depan-balaikota_20260505_141831_jpg.rf.027d9024efbcc177dbe72ca4789a8e16.jpg,640,640,mobil,1,379,71,492
depan-balaikota_20260505_141831_jpg.rf.027d9024efbcc177dbe72ca4789a8e16.jpg,640,640,mobil,88,386,184,525
depan-balaikota_20260505_141831_jpg.rf.027d9024efbcc177dbe72ca4789a8e16.jpg,640,640,mobil,7,523,145,640
depan-balaikota_20260505_141831_jpg.rf.027d9024efbcc177dbe72ca4789a8e16.jpg,640,640,motor,144,352,163,382
depan-balaikota_20260505_141831_jpg.rf.027d9024efbcc177dbe72ca4789a8e16.jpg,640,640,mobil,209,240,239,278
depan-balaikota_20260505_141831_jpg.rf.027d9024efbcc177dbe72ca4789a8e16.jpg,640,640,mobil,262,261,297,325
depan-balaikota_20260505_141831_jpg.rf.027d9024efbcc177dbe72ca4789a8e16.jpg,640,640,mobil,283,237,308,280
depan-balaikota_20260505_141831_jpg.rf.027d9024efbcc177dbe72ca4789a8e16.jpg,640,640,mobil,281,219,301,244
depan-balaikota_20260505_141831_jpg.rf.027d9024efbcc177dbe72ca4789a8e16.jpg,640,640,mobil,248,215,268,242
depan-balaikota_20260505_141831_jpg.rf.027d9024efbcc177dbe72ca4789a8e16.jpg,640,640,motor,275,209,286,230
depan-balaikota_20260505_141831_jpg.rf.027d9024efbcc177dbe72ca4789a8e16.jpg,640,640,mobil,314,207,328,240
depan-balaikota_20260505_141831_jpg.rf.027d9024efbcc177dbe72ca4789a8e16.jpg,640,640,mobil,294,191,309,213
depan-balaikota_20260505_141831_jpg.rf.027d9024efbcc177dbe72ca4789a8e16.jpg,640,640,mobil,321,192,333,215
depan-balaikota_20260505_141831_jpg.rf.027d9024efbcc177dbe72ca4789a8e16.jpg,640,640,mobil,295,166,302,179
depan-balaikota_20260505_141831_jpg.rf.027d9024efbcc177dbe72ca4789a8e16.jpg,640,640,motor,306,183,313,198
depan-balaikota_20260505_141831_jpg.rf.027d9024efbcc177dbe72ca4789a8e16.jpg,640,640,motor,336,191,341,215
depan-balaikota_20260505_141831_jpg.rf.027d9024efbcc177dbe72ca4789a8e16.jpg,640,640,mobil,313,278,350,341
jl-juanda_20260505_175153_jpg.rf.897007a5aaaa116cde4140944dd2802f.jpg,640,640,mobil,327,507,447,640
jl-juanda_20260505_175153_jpg.rf.897007a5aaaa116cde4140944dd2802f.jpg,640,640,motor,412,354,444,428
jl-juanda_20260505_175153_jpg.rf.897007a5aaaa116cde4140944dd2802f.jpg,640,640,motor,471,376,510,460
jl-juanda_20260505_175153_jpg.rf.897007a5aaaa116cde4140944dd2802f.jpg,640,640,motor,357,280,381,336
jl-juanda_20260505_175153_jpg.rf.897007a5aaaa116cde4140944dd2802f.jpg,640,640,motor,335,258,357,306
jl-juanda_20260505_175153_jpg.rf.897007a5aaaa116cde4140944dd2802f.jpg,640,640,mobil,280,267,342,363
jl-juanda_20260505_175153_jpg.rf.897007a5aaaa116cde4140944dd2802f.jpg,640,640,motor,225,300,250,365
jl-juanda_20260505_175153_jpg.rf.897007a5aaaa116cde4140944dd2802f.jpg,640,640,motor,196,254,213,307
jl-juanda_20260505_175153_jpg.rf.897007a5aaaa116cde4140944dd2802f.jpg,640,640,mobil,216,235,261,295
jl-juanda_20260505_175153_jpg.rf.897007a5aaaa116cde4140944dd2802f.jpg,640,640,motor,180,197,195,243
jl-juanda_20260505_175153_jpg.rf.897007a5aaaa116cde4140944dd2802f.jpg,640,640,mobil,203,179,234,226
jl-juanda_20260505_175153_jpg.rf.897007a5aaaa116cde4140944dd2802f.jpg,640,640,mobil,199,143,218,178
jl-juanda_20260505_175153_jpg.rf.897007a5aaaa116cde4140944dd2802f.jpg,640,640,mobil,155,163,179,208
jl-juanda_20260505_175153_jpg.rf.897007a5aaaa116cde4140944dd2802f.jpg,640,640,motor,150,139,161,170
jl-juanda_20260505_175153_jpg.rf.897007a5aaaa116cde4140944dd2802f.jpg,640,640,mobil,161,124,178,148
jl-juanda_20260505_175153_jpg.rf.897007a5aaaa116cde4140944dd2802f.jpg,640,640,mobil,187,113,200,131
jl-juanda_20260505_175153_jpg.rf.897007a5aaaa116cde4140944dd2802f.jpg,640,640,motor,181,127,191,149
jl-juanda_20260505_175153_jpg.rf.897007a5aaaa116cde4140944dd2802f.jpg,640,640,mobil,166,97,181,122
jl-juanda_20260505_175153_jpg.rf.897007a5aaaa116cde4140944dd2802f.jpg,640,640,motor,203,116,208,135
jl-juanda_20260505_175153_jpg.rf.897007a5aaaa116cde4140944dd2802f.jpg,640,640,motor,211,118,222,143
jl-juanda_20260505_175153_jpg.rf.897007a5aaaa116cde4140944dd2802f.jpg,640,640,motor,287,217,302,259
jl-juanda_20260505_175153_jpg.rf.897007a5aaaa116cde4140944dd2802f.jpg,640,640,motor,273,204,290,241
tugu-kujang_20260505_174935_jpg.rf.792dec8adac30c354cfbb7e42c1182de.jpg,640,640,besar,376,236,470,322
tugu-kujang_20260505_174935_jpg.rf.792dec8adac30c354cfbb7e42c1182de.jpg,640,640,besar,276,278,332,373
tugu-kujang_20260505_174935_jpg.rf.792dec8adac30c354cfbb7e42c1182de.jpg,640,640,mobil,142,327,179,388
tugu-kujang_20260505_174935_jpg.rf.792dec8adac30c354cfbb7e42c1182de.jpg,640,640,mobil,355,523,454,640
tugu-kujang_20260505_174935_jpg.rf.792dec8adac30c354cfbb7e42c1182de.jpg,640,640,motor,333,546,364,630
tugu-kujang_20260505_174935_jpg.rf.792dec8adac30c354cfbb7e42c1182de.jpg,640,640,motor,234,395,256,464
tugu-kujang_20260505_174935_jpg.rf.792dec8adac30c354cfbb7e42c1182de.jpg,640,640,motor,256,376,275,440
tugu-kujang_20260505_174935_jpg.rf.792dec8adac30c354cfbb7e42c1182de.jpg,640,640,mobil,297,364,344,444
tugu-kujang_20260505_174935_jpg.rf.792dec8adac30c354cfbb7e42c1182de.jpg,640,640,mobil,338,424,405,500
tugu-kujang_20260505_174935_jpg.rf.792dec8adac30c354cfbb7e42c1182de.jpg,640,640,mobil,199,275,224,314
tugu-kujang_20260505_174935_jpg.rf.792dec8adac30c354cfbb7e42c1182de.jpg,640,640,mobil,160,263,187,302
tugu-kujang_20260505_174935_jpg.rf.792dec8adac30c354cfbb7e42c1182de.jpg,640,640,motor,244,327,259,371
tugu-kujang_20260505_174935_jpg.rf.792dec8adac30c354cfbb7e42c1182de.jpg,640,640,motor,233,297,246,327
tugu-kujang_20260505_174935_jpg.rf.792dec8adac30c354cfbb7e42c1182de.jpg,640,640,mobil,255,286,281,327
tugu-kujang_20260505_174935_jpg.rf.792dec8adac30c354cfbb7e42c1182de.jpg,640,640,mobil,243,267,266,298
tugu-kujang_20260505_174935_jpg.rf.792dec8adac30c354cfbb7e42c1182de.jpg,640,640,mobil,223,250,244,279
tugu-kujang_20260505_174935_jpg.rf.792dec8adac30c354cfbb7e42c1182de.jpg,640,640,mobil,217,242,231,261
tugu-kujang_20260505_174935_jpg.rf.792dec8adac30c354cfbb7e42c1182de.jpg,640,640,mobil,209,229,225,246
tugu-kujang_20260505_174935_jpg.rf.792dec8adac30c354cfbb7e42c1182de.jpg,640,640,mobil,200,212,215,228
tugu-kujang_20260505_174935_jpg.rf.792dec8adac30c354cfbb7e42c1182de.jpg,640,640,besar,267,203,308,256
tugu-kujang_20260505_174935_jpg.rf.792dec8adac30c354cfbb7e42c1182de.jpg,640,640,mobil,313,219,341,262
tugu-kujang_20260505_174935_jpg.rf.792dec8adac30c354cfbb7e42c1182de.jpg,640,640,mobil,251,191,266,209
tugu-kujang_20260505_174935_jpg.rf.792dec8adac30c354cfbb7e42c1182de.jpg,640,640,mobil,243,211,264,236
tugu-kujang_20260505_141121_jpg.rf.9be5943a0ac6254e646ea565a34c17c0.jpg,640,640,mobil,255,392,310,476
tugu-kujang_20260505_141121_jpg.rf.9be5943a0ac6254e646ea565a34c17c0.jpg,640,640,mobil,53,424,140,537
tugu-kujang_20260505_141121_jpg.rf.9be5943a0ac6254e646ea565a34c17c0.jpg,640,640,mobil,122,370,169,451
tugu-kujang_20260505_141121_jpg.rf.9be5943a0ac6254e646ea565a34c17c0.jpg,640,640,mobil,158,569,244,640
tugu-kujang_20260505_141121_jpg.rf.9be5943a0ac6254e646ea565a34c17c0.jpg,640,640,mobil,320,590,416,640
tugu-kujang_20260505_141121_jpg.rf.9be5943a0ac6254e646ea565a34c17c0.jpg,640,640,mobil,363,457,430,560
tugu-kujang_20260505_141121_jpg.rf.9be5943a0ac6254e646ea565a34c17c0.jpg,640,640,mobil,515,300,572,358
tugu-kujang_20260505_141121_jpg.rf.9be5943a0ac6254e646ea565a34c17c0.jpg,640,640,mobil,317,224,339,263
tugu-kujang_20260505_141121_jpg.rf.9be5943a0ac6254e646ea565a34c17c0.jpg,640,640,mobil,235,178,250,202
tugu-kujang_20260505_141121_jpg.rf.9be5943a0ac6254e646ea565a34c17c0.jpg,640,640,besar,188,220,226,297
tugu-kujang_20260505_141121_jpg.rf.9be5943a0ac6254e646ea565a34c17c0.jpg,640,640,mobil,219,275,244,322
tugu-kujang_20260505_141121_jpg.rf.9be5943a0ac6254e646ea565a34c17c0.jpg,640,640,mobil,190,300,220,354
tugu-kujang_20260505_141121_jpg.rf.9be5943a0ac6254e646ea565a34c17c0.jpg,640,640,mobil,252,292,283,343
tugu-kujang_20260505_141121_jpg.rf.9be5943a0ac6254e646ea565a34c17c0.jpg,640,640,mobil,279,329,326,396
tugu-kujang_20260505_141121_jpg.rf.9be5943a0ac6254e646ea565a34c17c0.jpg,640,640,motor,224,356,247,423
tugu-kujang_20260505_141121_jpg.rf.9be5943a0ac6254e646ea565a34c17c0.jpg,640,640,besar,225,219,254,278
tugu-kujang_20260505_141121_jpg.rf.9be5943a0ac6254e646ea565a34c17c0.jpg,640,640,mobil,244,268,272,299
tugu-kujang_20260505_141121_jpg.rf.9be5943a0ac6254e646ea565a34c17c0.jpg,640,640,mobil,193,199,205,214
tugu-kujang_20260505_141121_jpg.rf.9be5943a0ac6254e646ea565a34c17c0.jpg,640,640,mobil,268,200,281,218
tugu-kujang_20260505_141121_jpg.rf.9be5943a0ac6254e646ea565a34c17c0.jpg,640,640,motor,464,548,518,640
depan-balaikota_20260505_141829_jpg.rf.6ef520252be3b9c0d8cf371f3b2941d4.jpg,640,640,motor,79,522,140,632
depan-balaikota_20260505_141829_jpg.rf.6ef520252be3b9c0d8cf371f3b2941d4.jpg,640,640,mobil,56,392,141,520
depan-balaikota_20260505_141829_jpg.rf.6ef520252be3b9c0d8cf371f3b2941d4.jpg,640,640,motor,33,399,59,485
depan-balaikota_20260505_141829_jpg.rf.6ef520252be3b9c0d8cf371f3b2941d4.jpg,640,640,mobil,227,312,280,401
depan-balaikota_20260505_141829_jpg.rf.6ef520252be3b9c0d8cf371f3b2941d4.jpg,640,640,mobil,229,268,267,315
depan-balaikota_20260505_141829_jpg.rf.6ef520252be3b9c0d8cf371f3b2941d4.jpg,640,640,motor,210,269,226,318
depan-balaikota_20260505_141829_jpg.rf.6ef520252be3b9c0d8cf371f3b2941d4.jpg,640,640,mobil,210,235,236,275
depan-balaikota_20260505_141829_jpg.rf.6ef520252be3b9c0d8cf371f3b2941d4.jpg,640,640,motor,255,246,266,267
depan-balaikota_20260505_141829_jpg.rf.6ef520252be3b9c0d8cf371f3b2941d4.jpg,640,640,mobil,264,201,280,233
depan-balaikota_20260505_141829_jpg.rf.6ef520252be3b9c0d8cf371f3b2941d4.jpg,640,640,mobil,298,226,322,269
depan-balaikota_20260505_141829_jpg.rf.6ef520252be3b9c0d8cf371f3b2941d4.jpg,640,640,motor,283,191,293,213
depan-balaikota_20260505_141829_jpg.rf.6ef520252be3b9c0d8cf371f3b2941d4.jpg,640,640,mobil,318,202,331,224
depan-balaikota_20260505_141829_jpg.rf.6ef520252be3b9c0d8cf371f3b2941d4.jpg,640,640,mobil,301,213,316,228
depan-balaikota_20260505_141829_jpg.rf.6ef520252be3b9c0d8cf371f3b2941d4.jpg,640,640,mobil,305,186,316,205
depan-balaikota_20260505_141829_jpg.rf.6ef520252be3b9c0d8cf371f3b2941d4.jpg,640,640,mobil,295,188,304,203
depan-balaikota_20260505_141829_jpg.rf.6ef520252be3b9c0d8cf371f3b2941d4.jpg,640,640,mobil,338,181,347,203
depan-balaikota_20260505_141829_jpg.rf.6ef520252be3b9c0d8cf371f3b2941d4.jpg,640,640,mobil,319,177,327,193
depan-balaikota_20260505_141829_jpg.rf.6ef520252be3b9c0d8cf371f3b2941d4.jpg,640,640,motor,0,403,23,489
depan-balaikota_20260505_141829_jpg.rf.6ef520252be3b9c0d8cf371f3b2941d4.jpg,640,640,mobil,316,284,351,349
depan-balaikota_20260505_141829_jpg.rf.6ef520252be3b9c0d8cf371f3b2941d4.jpg,640,640,motor,345,201,352,221
tugu-kujang_20260505_174943_jpg.rf.3c8dd927b27989c403603a4bec5deeed.jpg,640,640,mobil,313,418,376,513
tugu-kujang_20260505_174943_jpg.rf.3c8dd927b27989c403603a4bec5deeed.jpg,640,640,mobil,271,537,357,640
tugu-kujang_20260505_174943_jpg.rf.3c8dd927b27989c403603a4bec5deeed.jpg,640,640,mobil,383,512,483,640
tugu-kujang_20260505_174943_jpg.rf.3c8dd927b27989c403603a4bec5deeed.jpg,640,640,motor,260,384,286,458
tugu-kujang_20260505_174943_jpg.rf.3c8dd927b27989c403603a4bec5deeed.jpg,640,640,motor,226,383,249,444
tugu-kujang_20260505_174943_jpg.rf.3c8dd927b27989c403603a4bec5deeed.jpg,640,640,motor,171,444,204,515
tugu-kujang_20260505_174943_jpg.rf.3c8dd927b27989c403603a4bec5deeed.jpg,640,640,mobil,143,322,178,391
tugu-kujang_20260505_174943_jpg.rf.3c8dd927b27989c403603a4bec5deeed.jpg,640,640,besar,246,254,286,317
tugu-kujang_20260505_174943_jpg.rf.3c8dd927b27989c403603a4bec5deeed.jpg,640,640,motor,230,306,254,359
tugu-kujang_20260505_174943_jpg.rf.3c8dd927b27989c403603a4bec5deeed.jpg,640,640,motor,206,341,222,396
tugu-kujang_20260505_174943_jpg.rf.3c8dd927b27989c403603a4bec5deeed.jpg,640,640,mobil,156,266,190,308
tugu-kujang_20260505_174943_jpg.rf.3c8dd927b27989c403603a4bec5deeed.jpg,640,640,mobil,178,226,202,263
tugu-kujang_20260505_174943_jpg.rf.3c8dd927b27989c403603a4bec5deeed.jpg,640,640,mobil,222,238,241,269
tugu-kujang_20260505_174943_jpg.rf.3c8dd927b27989c403603a4bec5deeed.jpg,640,640,mobil,204,257,222,292
tugu-kujang_20260505_174943_jpg.rf.3c8dd927b27989c403603a4bec5deeed.jpg,640,640,mobil,396,270,444,326
tugu-kujang_20260505_174943_jpg.rf.3c8dd927b27989c403603a4bec5deeed.jpg,640,640,mobil,493,295,544,346
tugu-kujang_20260505_174943_jpg.rf.3c8dd927b27989c403603a4bec5deeed.jpg,640,640,mobil,306,216,335,251
tugu-kujang_20260505_174943_jpg.rf.3c8dd927b27989c403603a4bec5deeed.jpg,640,640,motor,339,246,359,277
tugu-kujang_20260505_174943_jpg.rf.3c8dd927b27989c403603a4bec5deeed.jpg,640,640,mobil,253,194,273,216
tugu-kujang_20260505_174943_jpg.rf.3c8dd927b27989c403603a4bec5deeed.jpg,640,640,mobil,219,190,234,211
depan-kantor-pos_20260505_174915_jpg.rf.4c36f7b481aeda28cef2311f589ef146.jpg,640,640,mobil,366,255,411,309
depan-kantor-pos_20260505_174915_jpg.rf.4c36f7b481aeda28cef2311f589ef146.jpg,640,640,mobil,456,273,500,326
depan-kantor-pos_20260505_174915_jpg.rf.4c36f7b481aeda28cef2311f589ef146.jpg,640,640,mobil,326,238,361,277
depan-kantor-pos_20260505_174915_jpg.rf.4c36f7b481aeda28cef2311f589ef146.jpg,640,640,mobil,269,226,297,258
depan-kantor-pos_20260505_174915_jpg.rf.4c36f7b481aeda28cef2311f589ef146.jpg,640,640,mobil,259,195,290,225
depan-kantor-pos_20260505_174915_jpg.rf.4c36f7b481aeda28cef2311f589ef146.jpg,640,640,mobil,202,483,255,597
depan-kantor-pos_20260505_174915_jpg.rf.4c36f7b481aeda28cef2311f589ef146.jpg,640,640,mobil,271,562,331,640
depan-kantor-pos_20260505_174915_jpg.rf.4c36f7b481aeda28cef2311f589ef146.jpg,640,640,mobil,332,437,409,542
depan-kantor-pos_20260505_174915_jpg.rf.4c36f7b481aeda28cef2311f589ef146.jpg,640,640,mobil,284,364,325,432
depan-kantor-pos_20260505_174915_jpg.rf.4c36f7b481aeda28cef2311f589ef146.jpg,640,640,mobil,242,412,302,500
depan-kantor-pos_20260505_174915_jpg.rf.4c36f7b481aeda28cef2311f589ef146.jpg,640,640,mobil,175,387,222,466
depan-kantor-pos_20260505_174915_jpg.rf.4c36f7b481aeda28cef2311f589ef146.jpg,640,640,mobil,6,386,72,479
depan-kantor-pos_20260505_174915_jpg.rf.4c36f7b481aeda28cef2311f589ef146.jpg,640,640,mobil,142,326,186,387
depan-kantor-pos_20260505_174915_jpg.rf.4c36f7b481aeda28cef2311f589ef146.jpg,640,640,mobil,217,297,246,345
depan-kantor-pos_20260505_174915_jpg.rf.4c36f7b481aeda28cef2311f589ef146.jpg,640,640,motor,216,306,235,356
depan-kantor-pos_20260505_174915_jpg.rf.4c36f7b481aeda28cef2311f589ef146.jpg,640,640,motor,197,331,218,383
depan-kantor-pos_20260505_174915_jpg.rf.4c36f7b481aeda28cef2311f589ef146.jpg,640,640,motor,181,304,194,330
depan-kantor-pos_20260505_174915_jpg.rf.4c36f7b481aeda28cef2311f589ef146.jpg,640,640,mobil,192,284,214,318
depan-kantor-pos_20260505_174915_jpg.rf.4c36f7b481aeda28cef2311f589ef146.jpg,640,640,mobil,259,299,288,334
depan-kantor-pos_20260505_174915_jpg.rf.4c36f7b481aeda28cef2311f589ef146.jpg,640,640,motor,288,323,307,360
depan-kantor-pos_20260505_174915_jpg.rf.4c36f7b481aeda28cef2311f589ef146.jpg,640,640,mobil,243,278,268,307
depan-kantor-pos_20260505_174915_jpg.rf.4c36f7b481aeda28cef2311f589ef146.jpg,640,640,mobil,241,258,259,284
depan-kantor-pos_20260505_174915_jpg.rf.4c36f7b481aeda28cef2311f589ef146.jpg,640,640,mobil,223,241,247,270
depan-kantor-pos_20260505_174915_jpg.rf.4c36f7b481aeda28cef2311f589ef146.jpg,640,640,mobil,213,223,232,247
depan-kantor-pos_20260505_174915_jpg.rf.4c36f7b481aeda28cef2311f589ef146.jpg,640,640,mobil,203,218,222,237
depan-kantor-pos_20260505_174915_jpg.rf.4c36f7b481aeda28cef2311f589ef146.jpg,640,640,motor,296,220,306,249
depan-kantor-pos_20260505_174915_jpg.rf.4c36f7b481aeda28cef2311f589ef146.jpg,640,640,mobil,231,191,247,213
jl-juanda_20260505_175205_jpg.rf.4cb8245088ddde68a2b42be2be2c62ed.jpg,640,640,mobil,354,275,424,382
jl-juanda_20260505_175205_jpg.rf.4cb8245088ddde68a2b42be2be2c62ed.jpg,640,640,motor,274,433,303,536
jl-juanda_20260505_175205_jpg.rf.4cb8245088ddde68a2b42be2be2c62ed.jpg,640,640,motor,289,311,306,387
jl-juanda_20260505_175205_jpg.rf.4cb8245088ddde68a2b42be2be2c62ed.jpg,640,640,motor,279,268,297,327
jl-juanda_20260505_175205_jpg.rf.4cb8245088ddde68a2b42be2be2c62ed.jpg,640,640,mobil,152,161,178,211
jl-juanda_20260505_175205_jpg.rf.4cb8245088ddde68a2b42be2be2c62ed.jpg,640,640,mobil,203,146,224,184
jl-juanda_20260505_175205_jpg.rf.4cb8245088ddde68a2b42be2be2c62ed.jpg,640,640,mobil,233,146,252,181
jl-juanda_20260505_175205_jpg.rf.4cb8245088ddde68a2b42be2be2c62ed.jpg,640,640,motor,203,183,217,222
jl-juanda_20260505_175205_jpg.rf.4cb8245088ddde68a2b42be2be2c62ed.jpg,640,640,mobil,171,118,186,143
jl-juanda_20260505_175205_jpg.rf.4cb8245088ddde68a2b42be2be2c62ed.jpg,640,640,motor,196,116,210,141
jl-juanda_20260505_175205_jpg.rf.4cb8245088ddde68a2b42be2be2c62ed.jpg,640,640,mobil,162,94,174,116
jl-juanda_20260505_175205_jpg.rf.4cb8245088ddde68a2b42be2be2c62ed.jpg,640,640,mobil,196,99,212,122
jl-juanda_20260505_141624_jpg.rf.2d8b74242a77214190e5d56d5c7c0881.jpg,640,640,mobil,274,344,354,501
jl-juanda_20260505_141624_jpg.rf.2d8b74242a77214190e5d56d5c7c0881.jpg,640,640,mobil,240,242,278,317
jl-juanda_20260505_141624_jpg.rf.2d8b74242a77214190e5d56d5c7c0881.jpg,640,640,motor,270,218,288,267
jl-juanda_20260505_141624_jpg.rf.2d8b74242a77214190e5d56d5c7c0881.jpg,640,640,motor,453,468,495,563
jl-juanda_20260505_141624_jpg.rf.2d8b74242a77214190e5d56d5c7c0881.jpg,640,640,motor,521,422,569,527
jl-juanda_20260505_141624_jpg.rf.2d8b74242a77214190e5d56d5c7c0881.jpg,640,640,mobil,162,250,202,325
jl-juanda_20260505_141624_jpg.rf.2d8b74242a77214190e5d56d5c7c0881.jpg,640,640,mobil,161,211,190,255
jl-juanda_20260505_141624_jpg.rf.2d8b74242a77214190e5d56d5c7c0881.jpg,640,640,mobil,161,182,180,214
jl-juanda_20260505_141624_jpg.rf.2d8b74242a77214190e5d56d5c7c0881.jpg,640,640,mobil,184,163,205,198
jl-juanda_20260505_141624_jpg.rf.2d8b74242a77214190e5d56d5c7c0881.jpg,640,640,mobil,157,164,177,186
jl-juanda_20260505_141624_jpg.rf.2d8b74242a77214190e5d56d5c7c0881.jpg,640,640,mobil,153,142,170,170
jl-juanda_20260505_141624_jpg.rf.2d8b74242a77214190e5d56d5c7c0881.jpg,640,640,mobil,152,122,164,142
jl-juanda_20260505_141624_jpg.rf.2d8b74242a77214190e5d56d5c7c0881.jpg,640,640,mobil,180,96,189,122
jl-juanda_20260505_141624_jpg.rf.2d8b74242a77214190e5d56d5c7c0881.jpg,640,640,mobil,198,98,207,119
jl-juanda_20260505_141624_jpg.rf.2d8b74242a77214190e5d56d5c7c0881.jpg,640,640,mobil,196,140,211,165
jl-juanda_20260505_141624_jpg.rf.2d8b74242a77214190e5d56d5c7c0881.jpg,640,640,mobil,227,140,243,164
jl-juanda_20260505_141624_jpg.rf.2d8b74242a77214190e5d56d5c7c0881.jpg,640,640,motor,233,186,244,222
jl-juanda_20260505_141624_jpg.rf.2d8b74242a77214190e5d56d5c7c0881.jpg,640,640,motor,261,170,276,203
jl-juanda_20260505_141624_jpg.rf.2d8b74242a77214190e5d56d5c7c0881.jpg,640,640,motor,238,164,247,190
jl-juanda_20260505_141624_jpg.rf.2d8b74242a77214190e5d56d5c7c0881.jpg,640,640,motor,203,115,210,135
jl-juanda_20260505_141624_jpg.rf.2d8b74242a77214190e5d56d5c7c0881.jpg,640,640,motor,208,111,217,128
jl-juanda_20260505_141624_jpg.rf.2d8b74242a77214190e5d56d5c7c0881.jpg,640,640,motor,214,124,224,147
jl-juanda_20260505_141624_jpg.rf.2d8b74242a77214190e5d56d5c7c0881.jpg,640,640,motor,164,91,175,112
depan-balaikota_20260505_175254_jpg.rf.7e8c12518de21bae7eaee6ed2eb9325a.jpg,640,640,mobil,147,310,207,421
depan-balaikota_20260505_175254_jpg.rf.7e8c12518de21bae7eaee6ed2eb9325a.jpg,640,640,motor,124,324,146,392
depan-balaikota_20260505_175254_jpg.rf.7e8c12518de21bae7eaee6ed2eb9325a.jpg,640,640,mobil,190,244,227,298
depan-balaikota_20260505_175254_jpg.rf.7e8c12518de21bae7eaee6ed2eb9325a.jpg,640,640,mobil,252,274,285,337
depan-balaikota_20260505_175254_jpg.rf.7e8c12518de21bae7eaee6ed2eb9325a.jpg,640,640,motor,291,293,307,349
depan-balaikota_20260505_175254_jpg.rf.7e8c12518de21bae7eaee6ed2eb9325a.jpg,640,640,mobil,328,219,355,264
depan-balaikota_20260505_175254_jpg.rf.7e8c12518de21bae7eaee6ed2eb9325a.jpg,640,640,mobil,316,301,353,367
depan-balaikota_20260505_175254_jpg.rf.7e8c12518de21bae7eaee6ed2eb9325a.jpg,640,640,mobil,294,370,349,513